;coi_lemmas;df_2010;df_2011;df_2012;df_2013;df_2014;df_2015;df_2016;df_2017;df_2018;df_2019;df_2020;total;min;std;mean;max
1;committee;0.0;0.0;0.0;0.0;0.0;0.0;0.0;0.010752688172043012;0.024896265560165973;0.042735042735042736;0.00641025641025641;0.07838399646725172;0.0;0.01470949477610981;0.007838399646725173;0.042735042735042736
2;ethics;0.0;0.0;0.0;0.0;0.0;0.0;0.0;0.010752688172043012;0.029045643153526972;0.017094017094017096;0.00641025641025641;0.056892348419587076;0.0;0.010153276311222028;0.005689234841958707;0.029045643153526972
3;study;0.0;0.0;0.0;0.0;0.0;0.0;0.004878048780487805;0.016129032258064516;0.008298755186721992;0.02564102564102564;0.00641025641025641;0.054946861866299955;0.0;0.008871657819295225;0.005494686186629996;0.02564102564102564
4;transplant;0.0;0.0;0.0;0.0;0.0;0.0;0.0;0.016129032258064516;0.012448132780082987;0.02564102564102564;0.0;0.05421819067917314;0.0;0.009301150867641649;0.005421819067917314;0.02564102564102564
5;research;0.0;0.0;0.0;0.0;0.0;0.0;0.0;0.005376344086021506;0.012448132780082987;0.029914529914529916;0.04487179487179487;0.047739006780634405;0.0;0.00972304769669032;0.004773900678063441;0.029914529914529916
6;member;0.0;0.0;0.0;0.0;0.0;0.0;0.0;0.010752688172043012;0.012448132780082987;0.021367521367521368;0.01282051282051282;0.04456834231964737;0.0;0.007663140988706375;0.004456834231964737;0.021367521367521368
7;receive;0.0;0.0;0.0;0.0;0.0;0.0;0.0;0.005376344086021506;0.004149377593360996;0.03418803418803419;0.019230769230769232;0.043713755867416694;0.0;0.010665910632488958;0.004371375586741669;0.03418803418803419
8;institutional;0.0;0.0;0.0;0.0;0.0;0.0;0.0;0.005376344086021506;0.02074688796680498;0.01282051282051282;0.0;0.038943744873339306;0.0;0.007242179372287009;0.0038943744873339305;0.02074688796680498
9;affiliation;0.0;0.0;0.0;0.0;0.0;0.0;0.0;0.0;0.02074688796680498;0.017094017094017096;0.0;0.03784090506082208;0.0;0.00802389051614331;0.0037840905060822078;0.02074688796680498
10;report;0.0;0.0;0.0;0.0;0.0;0.0;0.0;0.0;0.008298755186721992;0.02564102564102564;0.00641025641025641;0.03393978082774763;0.0;0.008240419766204772;0.003393978082774763;0.02564102564102564
11;neutral;0.0;0.0;0.0;0.0;0.0;0.0;0.0;0.0;0.02074688796680498;0.01282051282051282;0.0;0.0335674007873178;0.0;0.007319091243882129;0.0033567400787317798;0.02074688796680498
12;map;0.0;0.0;0.0;0.0;0.0;0.0;0.0;0.0;0.02074688796680498;0.01282051282051282;0.0;0.0335674007873178;0.0;0.007319091243882129;0.0033567400787317798;0.02074688796680498
13;jurisdictional;0.0;0.0;0.0;0.0;0.0;0.0;0.0;0.0;0.02074688796680498;0.01282051282051282;0.0;0.0335674007873178;0.0;0.007319091243882129;0.0033567400787317798;0.02074688796680498
14;regard;0.0;0.0;0.0;0.0;0.0;0.0;0.0;0.0;0.02074688796680498;0.01282051282051282;0.0;0.0335674007873178;0.0;0.007319091243882129;0.0033567400787317798;0.02074688796680498
15;claim;0.0;0.0;0.0;0.0;0.0;0.0;0.0;0.0;0.02074688796680498;0.01282051282051282;0.0;0.0335674007873178;0.0;0.007319091243882129;0.0033567400787317798;0.02074688796680498
16;remain;0.0;0.0;0.0;0.0;0.0;0.0;0.0;0.0;0.02074688796680498;0.01282051282051282;0.0;0.0335674007873178;0.0;0.007319091243882129;0.0033567400787317798;0.02074688796680498
17;nature;0.0;0.0;0.0;0.0;0.0;0.0;0.0;0.0;0.02074688796680498;0.01282051282051282;0.0;0.0335674007873178;0.0;0.007319091243882129;0.0033567400787317798;0.02074688796680498
18;publish;0.0;0.0;0.0;0.0;0.0;0.0;0.0;0.0;0.02074688796680498;0.01282051282051282;0.00641025641025641;0.0335674007873178;0.0;0.007319091243882129;0.0033567400787317798;0.02074688796680498
19;international;0.0;0.0;0.0;0.0;0.0;0.0;0.0;0.0;0.004149377593360996;0.02564102564102564;0.0;0.029790403234386635;0.0;0.008068682377971466;0.0029790403234386635;0.02564102564102564
20;abuse;0.0;0.0;0.0;0.0;0.0;0.0;0.0;0.0;0.008298755186721992;0.021367521367521368;0.0;0.029666276554243358;0.0;0.00697162112967312;0.002966627655424336;0.021367521367521368
21;end;0.0;0.0;0.0;0.0;0.0;0.0;0.0;0.0;0.008298755186721992;0.021367521367521368;0.0;0.029666276554243358;0.0;0.00697162112967312;0.002966627655424336;0.021367521367521368
22;china;0.0;0.0;0.0;0.0;0.0;0.0;0.0;0.0;0.008298755186721992;0.021367521367521368;0.0;0.029666276554243358;0.0;0.00697162112967312;0.002966627655424336;0.021367521367521368
23;approve;0.0;0.0;0.0;0.0;0.0;0.0;0.0;0.0;0.016597510373443983;0.01282051282051282;0.0;0.029418023193956803;0.0;0.006265433306940694;0.0029418023193956803;0.016597510373443983
24;interests.springer;0.0;0.0;0.0;0.0;0.0;0.0;0.0;0.0;0.016597510373443983;0.01282051282051282;0.0;0.029418023193956803;0.0;0.006265433306940694;0.0029418023193956803;0.016597510373443983
25;article;0.0;0.0;0.0;0.0;0.0;0.0;0.00975609756097561;0.0;0.004149377593360996;0.01282051282051282;0.01282051282051282;0.026725987974849427;0.0;0.004776522208670638;0.0026725987974849427;0.01282051282051282
26;publication;0.0;0.0;0.0;0.0;0.0;0.0;0.0;0.005376344086021506;0.008298755186721992;0.01282051282051282;0.01282051282051282;0.026495612093256318;0.0;0.004618058951812573;0.002649561209325632;0.01282051282051282
27;coalition;0.0;0.0;0.0;0.0;0.0;0.0;0.0;0.0;0.004149377593360996;0.021367521367521368;0.0;0.025516898960882363;0.0;0.006738587805779326;0.0025516898960882364;0.021367521367521368
28;pharma;0.0;0.0;0.0;0.0;0.0;0.0;0.0;0.016129032258064516;0.0;0.008547008547008548;0.0;0.024676040805073064;0.0;0.005500569038269886;0.0024676040805073065;0.016129032258064516
29;animal;0.0;0.0;0.0;0.0;0.0;0.0;0.004878048780487805;0.005376344086021506;0.012448132780082987;0.0;0.0;0.022702525646592295;0.0;0.004164879326960352;0.0022702525646592295;0.012448132780082987
30;authorship;0.0;0.0;0.0;0.0;0.0;0.0;0.0;0.005376344086021506;0.004149377593360996;0.01282051282051282;0.00641025641025641;0.022346234499895323;0.0;0.004223644286001881;0.0022346234499895324;0.01282051282051282
31;work;0.0;0.0;0.0;0.0;0.0;0.0;0.0;0.005376344086021506;0.012448132780082987;0.004273504273504274;0.01282051282051282;0.022097981139608765;0.0;0.0041270361597221025;0.0022097981139608766;0.012448132780082987
32;employee;0.0;0.0;0.0;0.0;0.0;0.0;0.0;0.0;0.0;0.021367521367521368;0.00641025641025641;0.021367521367521368;0.0;0.006757003547368332;0.002136752136752137;0.021367521367521368
33;dr;0.0;0.0;0.0;0.0;0.0;0.0;0.0;0.0;0.0;0.021367521367521368;0.0;0.021367521367521368;0.0;0.006757003547368332;0.002136752136752137;0.021367521367521368
34;grant;0.0;0.0;0.0;0.0;0.0;0.0;0.0;0.0;0.0;0.021367521367521368;0.01282051282051282;0.021367521367521368;0.0;0.006757003547368332;0.002136752136752137;0.021367521367521368
35;declaration;0.0;0.0;0.0;0.0;0.0;0.0;0.0;0.0;0.004149377593360996;0.017094017094017096;0.01282051282051282;0.02124339468737809;0.0;0.005419046380216753;0.0021243394687378092;0.017094017094017096
36;university;0.0;0.0;0.0;0.0;0.0;0.0;0.0;0.0;0.016597510373443983;0.004273504273504274;0.019230769230769232;0.02087101464694826;0.0;0.005272362575343314;0.002087101464694826;0.016597510373443983
37;astellas;0.0;0.0;0.0;0.0;0.0;0.0;0.0;0.016129032258064516;0.0;0.004273504273504274;0.0;0.020402536531568788;0.0;0.005129242641356033;0.002040253653156879;0.016129032258064516
38;datum;0.0;0.0;0.0;0.0;0.0;0.0;0.0;0.010752688172043012;0.004149377593360996;0.004273504273504274;0.0;0.019175570038908282;0.0;0.003564177129303193;0.0019175570038908283;0.010752688172043012
39;conduct;0.0;0.0;0.0;0.0;0.0;0.0;0.0;0.005376344086021506;0.0;0.01282051282051282;0.0;0.018196856906534324;0.0;0.004218452383208054;0.0018196856906534324;0.01282051282051282
40;canada;0.0;0.0;0.0;0.0;0.0;0.0;0.0;0.0;0.0;0.017094017094017096;0.0;0.017094017094017096;0.0;0.005405602837894666;0.0017094017094017096;0.017094017094017096
41;advocacy;0.0;0.0;0.0;0.0;0.0;0.0;0.0;0.0;0.0;0.017094017094017096;0.0;0.017094017094017096;0.0;0.005405602837894666;0.0017094017094017096;0.017094017094017096
42;fee;0.0;0.0;0.0;0.0;0.0;0.0;0.0;0.0;0.0;0.017094017094017096;0.00641025641025641;0.017094017094017096;0.0;0.005405602837894666;0.0017094017094017096;0.017094017094017096
43;author(s;0.0;0.0;0.0;0.0;0.0;0.0;0.0;0.0;0.004149377593360996;0.01282051282051282;0.00641025641025641;0.016969890413873815;0.0;0.004120209883102386;0.0016969890413873815;0.01282051282051282
44;blood;0.0;0.0;0.0;0.0;0.0;0.0;0.0;0.0;0.004149377593360996;0.01282051282051282;0.0;0.016969890413873815;0.0;0.004120209883102386;0.0016969890413873815;0.01282051282051282
45;respect;0.0;0.0;0.0;0.0;0.0;0.0;0.0;0.0;0.004149377593360996;0.01282051282051282;0.00641025641025641;0.016969890413873815;0.0;0.004120209883102386;0.0016969890413873815;0.01282051282051282
46;and/or;0.0;0.0;0.0;0.0;0.0;0.0;0.0;0.0;0.004149377593360996;0.01282051282051282;0.00641025641025641;0.016969890413873815;0.0;0.004120209883102386;0.0016969890413873815;0.01282051282051282
47;conflicting;0.0;0.0;0.0;0.0;0.0;0.0;0.0;0.0;0.004149377593360996;0.01282051282051282;0.00641025641025641;0.016969890413873815;0.0;0.004120209883102386;0.0016969890413873815;0.01282051282051282
48;consent;0.0;0.0;0.0;0.0;0.0;0.0;0.0;0.0;0.008298755186721992;0.008547008547008548;0.01282051282051282;0.01684576373373054;0.0;0.0035518808346895626;0.0016845763733730542;0.008547008547008548
49;medical;0.0;0.0;0.0;0.0;0.0;0.0;0.0;0.0;0.008298755186721992;0.008547008547008548;0.00641025641025641;0.01684576373373054;0.0;0.0035518808346895626;0.0016845763733730542;0.008547008547008548
50;group;0.0;0.0;0.0;0.0;0.0;0.0;0.0;0.0;0.008298755186721992;0.008547008547008548;0.0;0.01684576373373054;0.0;0.0035518808346895626;0.0016845763733730542;0.008547008547008548
51;uk;0.0;0.0;0.0;0.0;0.0;0.0;0.0;0.016129032258064516;0.0;0.0;0.0;0.016129032258064516;0.0;0.005100447838981257;0.0016129032258064516;0.016129032258064516
52;guideline;0.0;0.0;0.0;0.0;0.0;0.0;0.004878048780487805;0.010752688172043012;0.0;0.0;0.0;0.015630736952530817;0.0;0.0035743479446076905;0.0015630736952530818;0.010752688172043012
53;ethic;0.0;0.0;0.0;0.0;0.0;0.0;0.004878048780487805;0.005376344086021506;0.0;0.004273504273504274;0.0;0.014527897140013584;0.0;0.0023536566085961452;0.0014527897140013584;0.005376344086021506
54;support;0.0;0.0;0.0;0.0;0.0;0.0;0.0;0.005376344086021506;0.004149377593360996;0.004273504273504274;0.00641025641025641;0.013799225952886776;0.0;0.002244583238459539;0.0013799225952886777;0.005376344086021506
55;manuscript;0.0;0.0;0.0;0.0;0.0;0.0;0.004878048780487805;0.0;0.008298755186721992;0.0;0.0;0.013176803967209796;0.0;0.0028925552193891004;0.0013176803967209795;0.008298755186721992
56;statement;0.0;0.0;0.0;0.0;0.0;0.0;0.004878048780487805;0.0;0.008298755186721992;0.0;0.0;0.013176803967209796;0.0;0.0028925552193891004;0.0013176803967209795;0.008298755186721992
57;service;0.0;0.0;0.0;0.0;0.0;0.0;0.0;0.0;0.0;0.01282051282051282;0.0;0.01282051282051282;0.0;0.0040542021284209985;0.001282051282051282;0.01282051282051282
58;initiatives;0.0;0.0;0.0;0.0;0.0;0.0;0.0;0.0;0.0;0.01282051282051282;0.0;0.01282051282051282;0.0;0.0040542021284209985;0.001282051282051282;0.01282051282051282
59;astrazeneca;0.0;0.0;0.0;0.0;0.0;0.0;0.0;0.0;0.0;0.01282051282051282;0.0;0.01282051282051282;0.0;0.0040542021284209985;0.001282051282051282;0.01282051282051282
60;canadian;0.0;0.0;0.0;0.0;0.0;0.0;0.0;0.0;0.0;0.01282051282051282;0.0;0.01282051282051282;0.0;0.0040542021284209985;0.001282051282051282;0.01282051282051282
61;helsinki;0.0;0.0;0.0;0.0;0.0;0.0;0.0;0.0;0.0;0.01282051282051282;0.02564102564102564;0.01282051282051282;0.0;0.0040542021284209985;0.001282051282051282;0.01282051282051282
62;die;0.0;0.0;0.0;0.0;0.0;0.0;0.0;0.0;0.004149377593360996;0.008547008547008548;0.0;0.012696386140369543;0.0;0.00287032455409153;0.0012696386140369543;0.008547008547008548
63;applicable.the;0.0;0.0;0.0;0.0;0.0;0.0;0.0;0.0;0.004149377593360996;0.008547008547008548;0.0;0.012696386140369543;0.0;0.00287032455409153;0.0012696386140369543;0.008547008547008548
64;number;0.0;0.0;0.0;0.0;0.0;0.0;0.0;0.0;0.008298755186721992;0.004273504273504274;0.0;0.012572259460226266;0.0;0.0028151574976915308;0.0012572259460226266;0.008298755186721992
65;patient;0.0;0.0;0.0;0.0;0.0;0.0;0.0;0.0;0.008298755186721992;0.004273504273504274;0.01282051282051282;0.012572259460226266;0.0;0.0028151574976915308;0.0012572259460226266;0.008298755186721992
66;hospital;0.0;0.0;0.0;0.0;0.0;0.0;0.0;0.0;0.008298755186721992;0.004273504273504274;0.01282051282051282;0.012572259460226266;0.0;0.0028151574976915308;0.0012572259460226266;0.008298755186721992
67;board;0.0;0.0;0.0;0.0;0.0;0.0;0.0;0.0;0.008298755186721992;0.004273504273504274;0.019230769230769232;0.012572259460226266;0.0;0.0028151574976915308;0.0012572259460226266;0.008298755186721992
68;quebec;0.0;0.0;0.0;0.0;0.0;0.0;0.0;0.010752688172043012;0.0;0.0;0.0;0.010752688172043012;0.0;0.0034002985593208383;0.001075268817204301;0.010752688172043012
69;give;0.0;0.0;0.0;0.0;0.0;0.0;0.0;0.010752688172043012;0.0;0.0;0.0;0.010752688172043012;0.0;0.0034002985593208383;0.001075268817204301;0.010752688172043012
70;compliance;0.0;0.0;0.0;0.0;0.0;0.0;0.004878048780487805;0.005376344086021506;0.0;0.0;0.0;0.01025439286650931;0.0;0.002165003934562637;0.001025439286650931;0.005376344086021506
71;involve;0.0;0.0;0.0;0.0;0.0;0.0;0.0;0.005376344086021506;0.0;0.004273504273504274;0.00641025641025641;0.00964984835952578;0.0;0.002050906497970903;0.000964984835952578;0.005376344086021506
72;salary;0.0;0.0;0.0;0.0;0.0;0.0;0.0;0.005376344086021506;0.0;0.004273504273504274;0.0;0.00964984835952578;0.0;0.002050906497970903;0.000964984835952578;0.005376344086021506
73;indicate;0.0;0.0;0.0;0.0;0.0;0.0;0.0;0.005376344086021506;0.0;0.004273504273504274;0.02564102564102564;0.00964984835952578;0.0;0.002050906497970903;0.000964984835952578;0.005376344086021506
74;design;0.0;0.0;0.0;0.0;0.0;0.0;0.0;0.005376344086021506;0.0;0.004273504273504274;0.0;0.00964984835952578;0.0;0.002050906497970903;0.000964984835952578;0.005376344086021506
75;follow;0.0;0.0;0.0;0.0;0.0;0.0;0.0;0.005376344086021506;0.0;0.004273504273504274;0.0;0.00964984835952578;0.0;0.002050906497970903;0.000964984835952578;0.005376344086021506
76;care;0.0;0.0;0.0;0.0;0.0;0.0;0.0;0.005376344086021506;0.0;0.004273504273504274;0.0;0.00964984835952578;0.0;0.002050906497970903;0.000964984835952578;0.005376344086021506
77;financial;0.0;0.0;0.0;0.0;0.0;0.0;0.0;0.005376344086021506;0.004149377593360996;0.0;0.00641025641025641;0.009525721679382503;0.0;0.0020289152217182168;0.0009525721679382503;0.005376344086021506
78;national;0.0;0.0;0.0;0.0;0.0;0.0;0.0;0.005376344086021506;0.004149377593360996;0.0;0.00641025641025641;0.009525721679382503;0.0;0.0020289152217182168;0.0009525721679382503;0.005376344086021506
79;perform;0.0;0.0;0.0;0.0;0.0;0.0;0.004878048780487805;0.0;0.004149377593360996;0.0;0.0;0.0090274263738488;0.0;0.00191088262397769;0.0009027426373848801;0.004878048780487805
80;transplantation;0.0;0.0;0.0;0.0;0.0;0.0;0.004878048780487805;0.0;0.004149377593360996;0.0;0.00641025641025641;0.0090274263738488;0.0;0.00191088262397769;0.0009027426373848801;0.004878048780487805
81;nr;0.0;0.0;0.0;0.0;0.0;0.0;0.0;0.0;0.0;0.008547008547008548;0.0;0.008547008547008548;0.0;0.002702801418947333;0.0008547008547008548;0.008547008547008548
82;dutch;0.0;0.0;0.0;0.0;0.0;0.0;0.0;0.0;0.0;0.008547008547008548;0.0;0.008547008547008548;0.0;0.002702801418947333;0.0008547008547008548;0.008547008547008548
83;rm;0.0;0.0;0.0;0.0;0.0;0.0;0.0;0.0;0.0;0.008547008547008548;0.0;0.008547008547008548;0.0;0.002702801418947333;0.0008547008547008548;0.008547008547008548
84;ab;0.0;0.0;0.0;0.0;0.0;0.0;0.0;0.0;0.0;0.008547008547008548;0.0;0.008547008547008548;0.0;0.002702801418947333;0.0008547008547008548;0.008547008547008548
85;health;0.0;0.0;0.0;0.0;0.0;0.0;0.0;0.0;0.0;0.008547008547008548;0.0;0.008547008547008548;0.0;0.002702801418947333;0.0008547008547008548;0.008547008547008548
86;product;0.0;0.0;0.0;0.0;0.0;0.0;0.0;0.0;0.0;0.008547008547008548;0.0;0.008547008547008548;0.0;0.002702801418947333;0.0008547008547008548;0.008547008547008548
87;rc;0.0;0.0;0.0;0.0;0.0;0.0;0.0;0.0;0.0;0.008547008547008548;0.0;0.008547008547008548;0.0;0.002702801418947333;0.0008547008547008548;0.008547008547008548
88;physician;0.0;0.0;0.0;0.0;0.0;0.0;0.0;0.0;0.0;0.008547008547008548;0.0;0.008547008547008548;0.0;0.002702801418947333;0.0008547008547008548;0.008547008547008548
89;roche;0.0;0.0;0.0;0.0;0.0;0.0;0.0;0.0;0.0;0.008547008547008548;0.0;0.008547008547008548;0.0;0.002702801418947333;0.0008547008547008548;0.008547008547008548
90;bcjmf;0.0;0.0;0.0;0.0;0.0;0.0;0.0;0.0;0.0;0.008547008547008548;0.0;0.008547008547008548;0.0;0.002702801418947333;0.0008547008547008548;0.008547008547008548
91;professor;0.0;0.0;0.0;0.0;0.0;0.0;0.0;0.0;0.0;0.008547008547008548;0.0;0.008547008547008548;0.0;0.002702801418947333;0.0008547008547008548;0.008547008547008548
92;australian;0.0;0.0;0.0;0.0;0.0;0.0;0.0;0.0;0.0;0.008547008547008548;0.0;0.008547008547008548;0.0;0.002702801418947333;0.0008547008547008548;0.008547008547008548
93;unrestricted;0.0;0.0;0.0;0.0;0.0;0.0;0.0;0.0;0.0;0.008547008547008548;0.0;0.008547008547008548;0.0;0.002702801418947333;0.0008547008547008548;0.008547008547008548
94;qiagen;0.0;0.0;0.0;0.0;0.0;0.0;0.0;0.0;0.0;0.008547008547008548;0.0;0.008547008547008548;0.0;0.002702801418947333;0.0008547008547008548;0.008547008547008548
95;chair;0.0;0.0;0.0;0.0;0.0;0.0;0.0;0.0;0.0;0.008547008547008548;0.0;0.008547008547008548;0.0;0.002702801418947333;0.0008547008547008548;0.008547008547008548
96;downar;0.0;0.0;0.0;0.0;0.0;0.0;0.0;0.0;0.0;0.008547008547008548;0.0;0.008547008547008548;0.0;0.002702801418947333;0.0008547008547008548;0.008547008547008548
97;personal;0.0;0.0;0.0;0.0;0.0;0.0;0.0;0.0;0.0;0.008547008547008548;0.00641025641025641;0.008547008547008548;0.0;0.002702801418947333;0.0008547008547008548;0.008547008547008548
98;chs;0.0;0.0;0.0;0.0;0.0;0.0;0.0;0.0;0.0;0.008547008547008548;0.0;0.008547008547008548;0.0;0.002702801418947333;0.0008547008547008548;0.008547008547008548
99;advisory;0.0;0.0;0.0;0.0;0.0;0.0;0.0;0.0;0.0;0.008547008547008548;0.01282051282051282;0.008547008547008548;0.0;0.002702801418947333;0.0008547008547008548;0.008547008547008548
100;waive;0.0;0.0;0.0;0.0;0.0;0.0;0.0;0.0;0.004149377593360996;0.004273504273504274;0.0;0.00842288186686527;0.0;0.0017759404173447813;0.0008422881866865271;0.004273504273504274
101;need;0.0;0.0;0.0;0.0;0.0;0.0;0.0;0.0;0.004149377593360996;0.004273504273504274;0.0;0.00842288186686527;0.0;0.0017759404173447813;0.0008422881866865271;0.004273504273504274
102;organisation;0.0;0.0;0.0;0.0;0.0;0.0;0.0;0.0;0.004149377593360996;0.004273504273504274;0.0;0.00842288186686527;0.0;0.0017759404173447813;0.0008422881866865271;0.004273504273504274
103;obtain;0.0;0.0;0.0;0.0;0.0;0.0;0.0;0.0;0.004149377593360996;0.004273504273504274;0.01282051282051282;0.00842288186686527;0.0;0.0017759404173447813;0.0008422881866865271;0.004273504273504274
104;exist;0.0;0.0;0.0;0.0;0.0;0.0;0.0;0.0;0.004149377593360996;0.004273504273504274;0.0;0.00842288186686527;0.0;0.0017759404173447813;0.0008422881866865271;0.004273504273504274
105;organ;0.0;0.0;0.0;0.0;0.0;0.0;0.0;0.0;0.004149377593360996;0.004273504273504274;0.00641025641025641;0.00842288186686527;0.0;0.0017759404173447813;0.0008422881866865271;0.004273504273504274
106;inform;0.0;0.0;0.0;0.0;0.0;0.0;0.0;0.0;0.004149377593360996;0.004273504273504274;0.0;0.00842288186686527;0.0;0.0017759404173447813;0.0008422881866865271;0.004273504273504274
107;phillipa;0.0;0.0;0.0;0.0;0.0;0.0;0.0;0.0;0.008298755186721992;0.0;0.0;0.008298755186721992;0.0;0.0026242968134177424;0.0008298755186721991;0.008298755186721992
108;etac;0.0;0.0;0.0;0.0;0.0;0.0;0.0;0.0;0.008298755186721992;0.0;0.0;0.008298755186721992;0.0;0.0026242968134177424;0.0008298755186721991;0.008298755186721992
109;de;0.0;0.0;0.0;0.0;0.0;0.0;0.0;0.0;0.008298755186721992;0.0;0.00641025641025641;0.008298755186721992;0.0;0.0026242968134177424;0.0008298755186721991;0.008298755186721992
110;disclosure;0.0;0.0;0.0;0.0;0.0;0.0;0.0;0.0;0.008298755186721992;0.0;0.00641025641025641;0.008298755186721992;0.0;0.0026242968134177424;0.0008298755186721991;0.008298755186721992
111;malpas;0.0;0.0;0.0;0.0;0.0;0.0;0.0;0.0;0.008298755186721992;0.0;0.0;0.008298755186721992;0.0;0.0026242968134177424;0.0008298755186721991;0.008298755186721992
112;tohoku;0.0;0.0;0.0;0.0;0.0;0.0;0.0;0.0;0.008298755186721992;0.0;0.0;0.008298755186721992;0.0;0.0026242968134177424;0.0008298755186721991;0.008298755186721992
113;reference;0.0;0.0;0.0;0.0;0.0;0.0;0.0;0.0;0.008298755186721992;0.0;0.0;0.008298755186721992;0.0;0.0026242968134177424;0.0008298755186721991;0.008298755186721992
114;approval;0.0;0.0;0.0;0.0;0.0;0.0;0.0;0.0;0.008298755186721992;0.0;0.02564102564102564;0.008298755186721992;0.0;0.0026242968134177424;0.0008298755186721991;0.008298755186721992
115;participant;0.0;0.0;0.0;0.0;0.0;0.0;0.0;0.0;0.008298755186721992;0.0;0.0;0.008298755186721992;0.0;0.0026242968134177424;0.0008298755186721991;0.008298755186721992
116;jie;0.0;0.0;0.0;0.0;0.0;0.0;0.0;0.005376344086021506;0.0;0.0;0.0;0.005376344086021506;0.0;0.0017001492796604191;0.0005376344086021505;0.005376344086021506
117;secretary;0.0;0.0;0.0;0.0;0.0;0.0;0.0;0.005376344086021506;0.0;0.0;0.0;0.005376344086021506;0.0;0.0017001492796604191;0.0005376344086021505;0.005376344086021506
118;arise;0.0;0.0;0.0;0.0;0.0;0.0;0.0;0.005376344086021506;0.0;0.0;0.0;0.005376344086021506;0.0;0.0017001492796604191;0.0005376344086021505;0.005376344086021506
119;trust;0.0;0.0;0.0;0.0;0.0;0.0;0.0;0.005376344086021506;0.0;0.0;0.0;0.005376344086021506;0.0;0.0017001492796604191;0.0005376344086021505;0.005376344086021506
120;yb;0.0;0.0;0.0;0.0;0.0;0.0;0.0;0.005376344086021506;0.0;0.0;0.0;0.005376344086021506;0.0;0.0017001492796604191;0.0005376344086021505;0.005376344086021506
121;laboratory;0.0;0.0;0.0;0.0;0.0;0.0;0.0;0.005376344086021506;0.0;0.0;0.0;0.005376344086021506;0.0;0.0017001492796604191;0.0005376344086021505;0.005376344086021506
122;wellcome;0.0;0.0;0.0;0.0;0.0;0.0;0.0;0.005376344086021506;0.0;0.0;0.0;0.005376344086021506;0.0;0.0017001492796604191;0.0005376344086021505;0.005376344086021506
123;m;0.0;0.0;0.0;0.0;0.0;0.0;0.0;0.005376344086021506;0.0;0.0;0.0;0.005376344086021506;0.0;0.0017001492796604191;0.0005376344086021505;0.005376344086021506
124;cf;0.0;0.0;0.0;0.0;0.0;0.0;0.0;0.005376344086021506;0.0;0.0;0.0;0.005376344086021506;0.0;0.0017001492796604191;0.0005376344086021505;0.005376344086021506
125;ja;0.0;0.0;0.0;0.0;0.0;0.0;0.0;0.005376344086021506;0.0;0.0;0.0;0.005376344086021506;0.0;0.0017001492796604191;0.0005376344086021505;0.005376344086021506
126;rwl;0.0;0.0;0.0;0.0;0.0;0.0;0.0;0.005376344086021506;0.0;0.0;0.0;0.005376344086021506;0.0;0.0017001492796604191;0.0005376344086021505;0.005376344086021506
127;hong;0.0;0.0;0.0;0.0;0.0;0.0;0.0;0.005376344086021506;0.0;0.0;0.0;0.005376344086021506;0.0;0.0017001492796604191;0.0005376344086021505;0.005376344086021506
128;deceleration;0.0;0.0;0.0;0.0;0.0;0.0;0.0;0.005376344086021506;0.0;0.0;0.0;0.005376344086021506;0.0;0.0017001492796604191;0.0005376344086021505;0.005376344086021506
129;jiu;0.0;0.0;0.0;0.0;0.0;0.0;0.0;0.005376344086021506;0.0;0.0;0.0;0.005376344086021506;0.0;0.0017001492796604191;0.0005376344086021505;0.005376344086021506
130;kun;0.0;0.0;0.0;0.0;0.0;0.0;0.0;0.005376344086021506;0.0;0.0;0.0;0.005376344086021506;0.0;0.0017001492796604191;0.0005376344086021505;0.005376344086021506
131;lu;0.0;0.0;0.0;0.0;0.0;0.0;0.0;0.005376344086021506;0.0;0.0;0.0;0.005376344086021506;0.0;0.0017001492796604191;0.0005376344086021505;0.005376344086021506
132;wen;0.0;0.0;0.0;0.0;0.0;0.0;0.0;0.005376344086021506;0.0;0.0;0.0;0.005376344086021506;0.0;0.0017001492796604191;0.0005376344086021505;0.005376344086021506
133;fang;0.0;0.0;0.0;0.0;0.0;0.0;0.0;0.005376344086021506;0.0;0.0;0.0;0.005376344086021506;0.0;0.0017001492796604191;0.0005376344086021505;0.005376344086021506
134;audit;0.0;0.0;0.0;0.0;0.0;0.0;0.0;0.005376344086021506;0.0;0.0;0.0;0.005376344086021506;0.0;0.0017001492796604191;0.0005376344086021505;0.005376344086021506
135;qiang;0.0;0.0;0.0;0.0;0.0;0.0;0.0;0.005376344086021506;0.0;0.0;0.0;0.005376344086021506;0.0;0.0017001492796604191;0.0005376344086021505;0.005376344086021506
136;yuan;0.0;0.0;0.0;0.0;0.0;0.0;0.0;0.005376344086021506;0.0;0.0;0.0;0.005376344086021506;0.0;0.0017001492796604191;0.0005376344086021505;0.005376344086021506
137;liang;0.0;0.0;0.0;0.0;0.0;0.0;0.0;0.005376344086021506;0.0;0.0;0.0;0.005376344086021506;0.0;0.0017001492796604191;0.0005376344086021505;0.005376344086021506
138;jiang;0.0;0.0;0.0;0.0;0.0;0.0;0.0;0.005376344086021506;0.0;0.0;0.0;0.005376344086021506;0.0;0.0017001492796604191;0.0005376344086021505;0.005376344086021506
139;capacity;0.0;0.0;0.0;0.0;0.0;0.0;0.0;0.005376344086021506;0.0;0.0;0.0;0.005376344086021506;0.0;0.0017001492796604191;0.0005376344086021505;0.005376344086021506
140;access;0.0;0.0;0.0;0.0;0.0;0.0;0.0;0.005376344086021506;0.0;0.0;0.0;0.005376344086021506;0.0;0.0017001492796604191;0.0005376344086021505;0.005376344086021506
141;facilitation;0.0;0.0;0.0;0.0;0.0;0.0;0.0;0.005376344086021506;0.0;0.0;0.0;0.005376344086021506;0.0;0.0017001492796604191;0.0005376344086021505;0.005376344086021506
142;transparently;0.0;0.0;0.0;0.0;0.0;0.0;0.0;0.005376344086021506;0.0;0.0;0.0;0.005376344086021506;0.0;0.0017001492796604191;0.0005376344086021505;0.005376344086021506
143;use;0.0;0.0;0.0;0.0;0.0;0.0;0.0;0.005376344086021506;0.0;0.0;0.00641025641025641;0.005376344086021506;0.0;0.0017001492796604191;0.0005376344086021505;0.005376344086021506
144;aspect;0.0;0.0;0.0;0.0;0.0;0.0;0.0;0.005376344086021506;0.0;0.0;0.0;0.005376344086021506;0.0;0.0017001492796604191;0.0005376344086021505;0.005376344086021506
145;influence;0.0;0.0;0.0;0.0;0.0;0.0;0.0;0.005376344086021506;0.0;0.0;0.0;0.005376344086021506;0.0;0.0017001492796604191;0.0005376344086021505;0.005376344086021506
146;raw;0.0;0.0;0.0;0.0;0.0;0.0;0.0;0.005376344086021506;0.0;0.0;0.0;0.005376344086021506;0.0;0.0017001492796604191;0.0005376344086021505;0.005376344086021506
147;meeting;0.0;0.0;0.0;0.0;0.0;0.0;0.0;0.005376344086021506;0.0;0.0;0.0;0.005376344086021506;0.0;0.0017001492796604191;0.0005376344086021505;0.005376344086021506
148;provision;0.0;0.0;0.0;0.0;0.0;0.0;0.0;0.005376344086021506;0.0;0.0;0.0;0.005376344086021506;0.0;0.0017001492796604191;0.0005376344086021505;0.005376344086021506
149;bias;0.0;0.0;0.0;0.0;0.0;0.0;0.0;0.005376344086021506;0.0;0.0;0.0;0.005376344086021506;0.0;0.0017001492796604191;0.0005376344086021505;0.005376344086021506
150;training;0.0;0.0;0.0;0.0;0.0;0.0;0.0;0.005376344086021506;0.0;0.0;0.0;0.005376344086021506;0.0;0.0017001492796604191;0.0005376344086021505;0.005376344086021506
151;funding;0.0;0.0;0.0;0.0;0.0;0.0;0.0;0.005376344086021506;0.0;0.0;0.01282051282051282;0.005376344086021506;0.0;0.0017001492796604191;0.0005376344086021505;0.005376344086021506
152;cost;0.0;0.0;0.0;0.0;0.0;0.0;0.0;0.005376344086021506;0.0;0.0;0.0;0.005376344086021506;0.0;0.0017001492796604191;0.0005376344086021505;0.005376344086021506
153;fellow;0.0;0.0;0.0;0.0;0.0;0.0;0.0;0.005376344086021506;0.0;0.0;0.0;0.005376344086021506;0.0;0.0017001492796604191;0.0005376344086021505;0.005376344086021506
154;editorial;0.0;0.0;0.0;0.0;0.0;0.0;0.0;0.005376344086021506;0.0;0.0;0.0;0.005376344086021506;0.0;0.0017001492796604191;0.0005376344086021505;0.005376344086021506
155;paper;0.0;0.0;0.0;0.0;0.0;0.0;0.0;0.005376344086021506;0.0;0.0;0.0;0.005376344086021506;0.0;0.0017001492796604191;0.0005376344086021505;0.005376344086021506
156;collaborative;0.0;0.0;0.0;0.0;0.0;0.0;0.0;0.005376344086021506;0.0;0.0;0.0;0.005376344086021506;0.0;0.0017001492796604191;0.0005376344086021505;0.005376344086021506
157;undertake;0.0;0.0;0.0;0.0;0.0;0.0;0.0;0.005376344086021506;0.0;0.0;0.00641025641025641;0.005376344086021506;0.0;0.0017001492796604191;0.0005376344086021505;0.005376344086021506
158;opportunity;0.0;0.0;0.0;0.0;0.0;0.0;0.0;0.005376344086021506;0.0;0.0;0.0;0.005376344086021506;0.0;0.0017001492796604191;0.0005376344086021505;0.005376344086021506
159;dissemination;0.0;0.0;0.0;0.0;0.0;0.0;0.0;0.005376344086021506;0.0;0.0;0.0;0.005376344086021506;0.0;0.0017001492796604191;0.0005376344086021505;0.005376344086021506
160;interpretation;0.0;0.0;0.0;0.0;0.0;0.0;0.0;0.005376344086021506;0.0;0.0;0.0;0.005376344086021506;0.0;0.0017001492796604191;0.0005376344086021505;0.005376344086021506
161;acknowledge;0.0;0.0;0.0;0.0;0.0;0.0;0.0;0.005376344086021506;0.0;0.0;0.0;0.005376344086021506;0.0;0.0017001492796604191;0.0005376344086021505;0.005376344086021506
162;journal;0.0;0.0;0.0;0.0;0.0;0.0;0.004878048780487805;0.0;0.0;0.0;0.0;0.004878048780487805;0.0;0.0015425744683748195;0.0004878048780487805;0.004878048780487805
163;qian;0.0;0.0;0.0;0.0;0.0;0.0;0.004878048780487805;0.0;0.0;0.0;0.0;0.004878048780487805;0.0;0.0015425744683748195;0.0004878048780487805;0.004878048780487805
164;american;0.0;0.0;0.0;0.0;0.0;0.0;0.004878048780487805;0.0;0.0;0.0;0.0;0.004878048780487805;0.0;0.0015425744683748195;0.0004878048780487805;0.004878048780487805
165;ai;0.0;0.0;0.0;0.0;0.0;0.0;0.004878048780487805;0.0;0.0;0.0;0.0;0.004878048780487805;0.0;0.0015425744683748195;0.0004878048780487805;0.004878048780487805
166;zhang;0.0;0.0;0.0;0.0;0.0;0.0;0.004878048780487805;0.0;0.0;0.0;0.0;0.004878048780487805;0.0;0.0015425744683748195;0.0004878048780487805;0.004878048780487805
167;yi;0.0;0.0;0.0;0.0;0.0;0.0;0.004878048780487805;0.0;0.0;0.0;0.0;0.004878048780487805;0.0;0.0015425744683748195;0.0004878048780487805;0.004878048780487805
168;gang;0.0;0.0;0.0;0.0;0.0;0.0;0.004878048780487805;0.0;0.0;0.0;0.0;0.004878048780487805;0.0;0.0015425744683748195;0.0004878048780487805;0.004878048780487805
169;bin;0.0;0.0;0.0;0.0;0.0;0.0;0.004878048780487805;0.0;0.0;0.0;0.0;0.004878048780487805;0.0;0.0015425744683748195;0.0004878048780487805;0.004878048780487805
170;shu;0.0;0.0;0.0;0.0;0.0;0.0;0.004878048780487805;0.0;0.0;0.0;0.0;0.004878048780487805;0.0;0.0015425744683748195;0.0004878048780487805;0.004878048780487805
171;human;0.0;0.0;0.0;0.0;0.0;0.0;0.004878048780487805;0.0;0.0;0.0;0.0;0.004878048780487805;0.0;0.0015425744683748195;0.0004878048780487805;0.004878048780487805
172;sen;0.0;0.0;0.0;0.0;0.0;0.0;0.004878048780487805;0.0;0.0;0.0;0.0;0.004878048780487805;0.0;0.0015425744683748195;0.0004878048780487805;0.004878048780487805
173;zheng;0.0;0.0;0.0;0.0;0.0;0.0;0.004878048780487805;0.0;0.0;0.0;0.0;0.004878048780487805;0.0;0.0015425744683748195;0.0004878048780487805;0.004878048780487805
174;describe;0.0;0.0;0.0;0.0;0.0;0.0;0.004878048780487805;0.0;0.0;0.0;0.0;0.004878048780487805;0.0;0.0015425744683748195;0.0004878048780487805;0.004878048780487805
175;contain;0.0;0.0;0.0;0.0;0.0;0.0;0.004878048780487805;0.0;0.0;0.0;0.0;0.004878048780487805;0.0;0.0015425744683748195;0.0004878048780487805;0.004878048780487805
176;subject;0.0;0.0;0.0;0.0;0.0;0.0;0.004878048780487805;0.0;0.0;0.0;0.0;0.004878048780487805;0.0;0.0015425744683748195;0.0004878048780487805;0.004878048780487805
177;kek;0.0;0.0;0.0;0.0;0.0;0.0;0.0;0.0;0.0;0.004273504273504274;0.0;0.004273504273504274;0.0;0.0013514007094736664;0.0004273504273504274;0.004273504273504274
178;zh;0.0;0.0;0.0;0.0;0.0;0.0;0.0;0.0;0.0;0.004273504273504274;0.0;0.004273504273504274;0.0;0.0013514007094736664;0.0004273504273504274;0.004273504273504274
179;employment;0.0;0.0;0.0;0.0;0.0;0.0;0.0;0.0;0.0;0.004273504273504274;0.0;0.004273504273504274;0.0;0.0013514007094736664;0.0004273504273504274;0.004273504273504274
180;mp;0.0;0.0;0.0;0.0;0.0;0.0;0.0;0.0;0.0;0.004273504273504274;0.0;0.004273504273504274;0.0;0.0013514007094736664;0.0004273504273504274;0.004273504273504274
181;ngo;0.0;0.0;0.0;0.0;0.0;0.0;0.0;0.0;0.0;0.004273504273504274;0.0;0.004273504273504274;0.0;0.0013514007094736664;0.0004273504273504274;0.004273504273504274
182;inc;0.0;0.0;0.0;0.0;0.0;0.0;0.0;0.0;0.0;0.004273504273504274;0.0;0.004273504273504274;0.0;0.0013514007094736664;0.0004273504273504274;0.004273504273504274
183;director;0.0;0.0;0.0;0.0;0.0;0.0;0.0;0.0;0.0;0.004273504273504274;0.0;0.004273504273504274;0.0;0.0013514007094736664;0.0004273504273504274;0.004273504273504274
184;mpr;0.0;0.0;0.0;0.0;0.0;0.0;0.0;0.0;0.0;0.004273504273504274;0.0;0.004273504273504274;0.0;0.0013514007094736664;0.0004273504273504274;0.004273504273504274
185;wr;0.0;0.0;0.0;0.0;0.0;0.0;0.0;0.0;0.0;0.004273504273504274;0.0;0.004273504273504274;0.0;0.0013514007094736664;0.0004273504273504274;0.004273504273504274
186;contributor;0.0;0.0;0.0;0.0;0.0;0.0;0.0;0.0;0.0;0.004273504273504274;0.0;0.004273504273504274;0.0;0.0013514007094736664;0.0004273504273504274;0.004273504273504274
187;commercial;0.0;0.0;0.0;0.0;0.0;0.0;0.0;0.0;0.0;0.004273504273504274;0.0;0.004273504273504274;0.0;0.0013514007094736664;0.0004273504273504274;0.004273504273504274
188;zurich;0.0;0.0;0.0;0.0;0.0;0.0;0.0;0.0;0.0;0.004273504273504274;0.0;0.004273504273504274;0.0;0.0013514007094736664;0.0004273504273504274;0.004273504273504274
189;occasional;0.0;0.0;0.0;0.0;0.0;0.0;0.0;0.0;0.0;0.004273504273504274;0.0;0.004273504273504274;0.0;0.0013514007094736664;0.0004273504273504274;0.004273504273504274
190;protocol;0.0;0.0;0.0;0.0;0.0;0.0;0.0;0.0;0.0;0.004273504273504274;0.0;0.004273504273504274;0.0;0.0013514007094736664;0.0004273504273504274;0.004273504273504274
191;travel;0.0;0.0;0.0;0.0;0.0;0.0;0.0;0.0;0.0;0.004273504273504274;0.0;0.004273504273504274;0.0;0.0013514007094736664;0.0004273504273504274;0.004273504273504274
192;local;0.0;0.0;0.0;0.0;0.0;0.0;0.0;0.0;0.0;0.004273504273504274;0.0;0.004273504273504274;0.0;0.0013514007094736664;0.0004273504273504274;0.004273504273504274
193;market;0.0;0.0;0.0;0.0;0.0;0.0;0.0;0.0;0.0;0.004273504273504274;0.0;0.004273504273504274;0.0;0.0013514007094736664;0.0004273504273504274;0.004273504273504274
194;development;0.0;0.0;0.0;0.0;0.0;0.0;0.0;0.0;0.0;0.004273504273504274;0.0;0.004273504273504274;0.0;0.0013514007094736664;0.0004273504273504274;0.004273504273504274
195;patent;0.0;0.0;0.0;0.0;0.0;0.0;0.0;0.0;0.0;0.004273504273504274;0.0;0.004273504273504274;0.0;0.0013514007094736664;0.0004273504273504274;0.004273504273504274
196;consultancy;0.0;0.0;0.0;0.0;0.0;0.0;0.0;0.0;0.0;0.004273504273504274;0.0;0.004273504273504274;0.0;0.0013514007094736664;0.0004273504273504274;0.004273504273504274
197;relate;0.0;0.0;0.0;0.0;0.0;0.0;0.0;0.0;0.0;0.004273504273504274;0.0;0.004273504273504274;0.0;0.0013514007094736664;0.0004273504273504274;0.004273504273504274
198;relevant;0.0;0.0;0.0;0.0;0.0;0.0;0.0;0.0;0.0;0.004273504273504274;0.0;0.004273504273504274;0.0;0.0013514007094736664;0.0004273504273504274;0.004273504273504274
199;material;0.0;0.0;0.0;0.0;0.0;0.0;0.0;0.0;0.0;0.004273504273504274;0.0;0.004273504273504274;0.0;0.0013514007094736664;0.0004273504273504274;0.004273504273504274
200;share;0.0;0.0;0.0;0.0;0.0;0.0;0.0;0.0;0.0;0.004273504273504274;0.0;0.004273504273504274;0.0;0.0013514007094736664;0.0004273504273504274;0.004273504273504274
201;policy;0.0;0.0;0.0;0.0;0.0;0.0;0.0;0.0;0.0;0.004273504273504274;0.0;0.004273504273504274;0.0;0.0013514007094736664;0.0004273504273504274;0.004273504273504274
202;plos;0.0;0.0;0.0;0.0;0.0;0.0;0.0;0.0;0.0;0.004273504273504274;0.0;0.004273504273504274;0.0;0.0013514007094736664;0.0004273504273504274;0.004273504273504274
203;force;0.0;0.0;0.0;0.0;0.0;0.0;0.0;0.0;0.0;0.004273504273504274;0.0;0.004273504273504274;0.0;0.0013514007094736664;0.0004273504273504274;0.004273504273504274
204;adherence;0.0;0.0;0.0;0.0;0.0;0.0;0.0;0.0;0.0;0.004273504273504274;0.0;0.004273504273504274;0.0;0.0013514007094736664;0.0004273504273504274;0.004273504273504274
205;harvesting;0.0;0.0;0.0;0.0;0.0;0.0;0.0;0.0;0.0;0.004273504273504274;0.0;0.004273504273504274;0.0;0.0013514007094736664;0.0004273504273504274;0.004273504273504274
206;gedeon;0.0;0.0;0.0;0.0;0.0;0.0;0.0;0.0;0.0;0.004273504273504274;0.0;0.004273504273504274;0.0;0.0013514007094736664;0.0004273504273504274;0.004273504273504274
207;lwc;0.0;0.0;0.0;0.0;0.0;0.0;0.0;0.0;0.0;0.004273504273504274;0.0;0.004273504273504274;0.0;0.0013514007094736664;0.0004273504273504274;0.004273504273504274
208;doctor;0.0;0.0;0.0;0.0;0.0;0.0;0.0;0.0;0.0;0.004273504273504274;0.0;0.004273504273504274;0.0;0.0013514007094736664;0.0004273504273504274;0.004273504273504274
209;gsp;0.0;0.0;0.0;0.0;0.0;0.0;0.0;0.0;0.0;0.004273504273504274;0.0;0.004273504273504274;0.0;0.0013514007094736664;0.0004273504273504274;0.004273504273504274
210;00500).not;0.0;0.0;0.0;0.0;0.0;0.0;0.0;0.0;0.0;0.004273504273504274;0.0;0.004273504273504274;0.0;0.0013514007094736664;0.0004273504273504274;0.004273504273504274
211;clinic;0.0;0.0;0.0;0.0;0.0;0.0;0.0;0.0;0.0;0.004273504273504274;0.0;0.004273504273504274;0.0;0.0013514007094736664;0.0004273504273504274;0.004273504273504274
212;expert;0.0;0.0;0.0;0.0;0.0;0.0;0.0;0.0;0.0;0.004273504273504274;0.0;0.004273504273504274;0.0;0.0013514007094736664;0.0004273504273504274;0.004273504273504274
213;2017;0.0;0.0;0.0;0.0;0.0;0.0;0.0;0.0;0.0;0.004273504273504274;0.0;0.004273504273504274;0.0;0.0013514007094736664;0.0004273504273504274;0.004273504273504274
214;teva;0.0;0.0;0.0;0.0;0.0;0.0;0.0;0.0;0.0;0.004273504273504274;0.0;0.004273504273504274;0.0;0.0013514007094736664;0.0004273504273504274;0.004273504273504274
215;rbmo;0.0;0.0;0.0;0.0;0.0;0.0;0.0;0.0;0.0;0.004273504273504274;0.0;0.004273504273504274;0.0;0.0013514007094736664;0.0004273504273504274;0.004273504273504274
216;online;0.0;0.0;0.0;0.0;0.0;0.0;0.0;0.0;0.0;0.004273504273504274;0.0;0.004273504273504274;0.0;0.0013514007094736664;0.0004273504273504274;0.004273504273504274
217;biomedicine;0.0;0.0;0.0;0.0;0.0;0.0;0.0;0.0;0.0;0.004273504273504274;0.0;0.004273504273504274;0.0;0.0013514007094736664;0.0004273504273504274;0.004273504273504274
218;reproductive;0.0;0.0;0.0;0.0;0.0;0.0;0.0;0.0;0.0;0.004273504273504274;0.0;0.004273504273504274;0.0;0.0013514007094736664;0.0004273504273504274;0.004273504273504274
219;finox;0.0;0.0;0.0;0.0;0.0;0.0;0.0;0.0;0.0;0.004273504273504274;0.0;0.004273504273504274;0.0;0.0013514007094736664;0.0004273504273504274;0.004273504273504274
220;richter/;0.0;0.0;0.0;0.0;0.0;0.0;0.0;0.0;0.0;0.004273504273504274;0.0;0.004273504273504274;0.0;0.0013514007094736664;0.0004273504273504274;0.004273504273504274
221;preglem;0.0;0.0;0.0;0.0;0.0;0.0;0.0;0.0;0.0;0.004273504273504274;0.0;0.004273504273504274;0.0;0.0013514007094736664;0.0004273504273504274;0.004273504273504274
222;bioscience;0.0;0.0;0.0;0.0;0.0;0.0;0.0;0.0;0.0;0.004273504273504274;0.0;0.004273504273504274;0.0;0.0013514007094736664;0.0004273504273504274;0.004273504273504274
223;pantharei;0.0;0.0;0.0;0.0;0.0;0.0;0.0;0.0;0.0;0.004273504273504274;0.0;0.004273504273504274;0.0;0.0013514007094736664;0.0004273504273504274;0.004273504273504274
224;ovascience;0.0;0.0;0.0;0.0;0.0;0.0;0.0;0.0;0.0;0.004273504273504274;0.0;0.004273504273504274;0.0;0.0013514007094736664;0.0004273504273504274;0.004273504273504274
225;ngi;0.0;0.0;0.0;0.0;0.0;0.0;0.0;0.0;0.0;0.004273504273504274;0.0;0.004273504273504274;0.0;0.0013514007094736664;0.0004273504273504274;0.004273504273504274
226;initiative;0.0;0.0;0.0;0.0;0.0;0.0;0.0;0.0;0.0;0.004273504273504274;0.0;0.004273504273504274;0.0;0.0013514007094736664;0.0004273504273504274;0.004273504273504274
227;genomic;0.0;0.0;0.0;0.0;0.0;0.0;0.0;0.0;0.0;0.004273504273504274;0.0;0.004273504273504274;0.0;0.0013514007094736664;0.0004273504273504274;0.004273504273504274
228;netherland;0.0;0.0;0.0;0.0;0.0;0.0;0.0;0.0;0.0;0.004273504273504274;0.0;0.004273504273504274;0.0;0.0013514007094736664;0.0004273504273504274;0.004273504273504274
229;myovant;0.0;0.0;0.0;0.0;0.0;0.0;0.0;0.0;0.0;0.004273504273504274;0.0;0.004273504273504274;0.0;0.0013514007094736664;0.0004273504273504274;0.004273504273504274
230;gfi;0.0;0.0;0.0;0.0;0.0;0.0;0.0;0.0;0.0;0.004273504273504274;0.0;0.004273504273504274;0.0;0.0013514007094736664;0.0004273504273504274;0.004273504273504274
231;serono;0.0;0.0;0.0;0.0;0.0;0.0;0.0;0.0;0.0;0.004273504273504274;0.0;0.004273504273504274;0.0;0.0013514007094736664;0.0004273504273504274;0.004273504273504274
232;merck;0.0;0.0;0.0;0.0;0.0;0.0;0.0;0.0;0.0;0.004273504273504274;0.0;0.004273504273504274;0.0;0.0013514007094736664;0.0004273504273504274;0.004273504273504274
233;bb;0.0;0.0;0.0;0.0;0.0;0.0;0.0;0.0;0.0;0.004273504273504274;0.0;0.004273504273504274;0.0;0.0013514007094736664;0.0004273504273504274;0.004273504273504274
234;w;0.0;0.0;0.0;0.0;0.0;0.0;0.0;0.0;0.0;0.004273504273504274;0.0;0.004273504273504274;0.0;0.0013514007094736664;0.0004273504273504274;0.004273504273504274
235;mfs;0.0;0.0;0.0;0.0;0.0;0.0;0.0;0.0;0.0;0.004273504273504274;0.0;0.004273504273504274;0.0;0.0013514007094736664;0.0004273504273504274;0.004273504273504274
236;alter;0.0;0.0;0.0;0.0;0.0;0.0;0.0;0.0;0.0;0.004273504273504274;0.0;0.004273504273504274;0.0;0.0013514007094736664;0.0004273504273504274;0.004273504273504274
237;037/2015;0.0;0.0;0.0;0.0;0.0;0.0;0.0;0.0;0.0;0.004273504273504274;0.0;0.004273504273504274;0.0;0.0013514007094736664;0.0004273504273504274;0.004273504273504274
238;mr;0.0;0.0;0.0;0.0;0.0;0.0;0.0;0.0;0.0;0.004273504273504274;0.0;0.004273504273504274;0.0;0.0013514007094736664;0.0004273504273504274;0.004273504273504274
239;intervention;0.0;0.0;0.0;0.0;0.0;0.0;0.0;0.0;0.0;0.004273504273504274;0.0;0.004273504273504274;0.0;0.0013514007094736664;0.0004273504273504274;0.004273504273504274
240;new;0.0;0.0;0.0;0.0;0.0;0.0;0.0;0.0;0.0;0.004273504273504274;0.0;0.004273504273504274;0.0;0.0013514007094736664;0.0004273504273504274;0.004273504273504274
241;hg;0.0;0.0;0.0;0.0;0.0;0.0;0.0;0.0;0.0;0.004273504273504274;0.0;0.004273504273504274;0.0;0.0013514007094736664;0.0004273504273504274;0.004273504273504274
242;territorial;0.0;0.0;0.0;0.0;0.0;0.0;0.0;0.0;0.0;0.004273504273504274;0.0;0.004273504273504274;0.0;0.0013514007094736664;0.0004273504273504274;0.004273504273504274
243;smg;0.0;0.0;0.0;0.0;0.0;0.0;0.0;0.0;0.0;0.004273504273504274;0.0;0.004273504273504274;0.0;0.0013514007094736664;0.0004273504273504274;0.004273504273504274
244;bf;0.0;0.0;0.0;0.0;0.0;0.0;0.0;0.0;0.0;0.004273504273504274;0.0;0.004273504273504274;0.0;0.0013514007094736664;0.0004273504273504274;0.004273504273504274
245;mlr;0.0;0.0;0.0;0.0;0.0;0.0;0.0;0.0;0.0;0.004273504273504274;0.0;0.004273504273504274;0.0;0.0013514007094736664;0.0004273504273504274;0.004273504273504274
246;clalit;0.0;0.0;0.0;0.0;0.0;0.0;0.0;0.0;0.0;0.004273504273504274;0.0;0.004273504273504274;0.0;0.0013514007094736664;0.0004273504273504274;0.004273504273504274
247;actavis;0.0;0.0;0.0;0.0;0.0;0.0;0.0;0.0;0.0;0.004273504273504274;0.0;0.004273504273504274;0.0;0.0013514007094736664;0.0004273504273504274;0.004273504273504274
248;ym;0.0;0.0;0.0;0.0;0.0;0.0;0.0;0.0;0.0;0.004273504273504274;0.0;0.004273504273504274;0.0;0.0013514007094736664;0.0004273504273504274;0.004273504273504274
249;hm;0.0;0.0;0.0;0.0;0.0;0.0;0.0;0.0;0.0;0.004273504273504274;0.0;0.004273504273504274;0.0;0.0013514007094736664;0.0004273504273504274;0.004273504273504274
250;develop;0.0;0.0;0.0;0.0;0.0;0.0;0.0;0.0;0.0;0.004273504273504274;0.0;0.004273504273504274;0.0;0.0013514007094736664;0.0004273504273504274;0.004273504273504274
251;video;0.0;0.0;0.0;0.0;0.0;0.0;0.0;0.0;0.0;0.004273504273504274;0.0;0.004273504273504274;0.0;0.0013514007094736664;0.0004273504273504274;0.004273504273504274
252;government;0.0;0.0;0.0;0.0;0.0;0.0;0.0;0.0;0.0;0.004273504273504274;0.0;0.004273504273504274;0.0;0.0013514007094736664;0.0004273504273504274;0.004273504273504274
253;kantar;0.0;0.0;0.0;0.0;0.0;0.0;0.0;0.0;0.0;0.004273504273504274;0.0;0.004273504273504274;0.0;0.0013514007094736664;0.0004273504273504274;0.004273504273504274
254;project;0.0;0.0;0.0;0.0;0.0;0.0;0.0;0.0;0.0;0.004273504273504274;0.0;0.004273504273504274;0.0;0.0013514007094736664;0.0004273504273504274;0.004273504273504274
255;uteron;0.0;0.0;0.0;0.0;0.0;0.0;0.0;0.0;0.0;0.004273504273504274;0.0;0.004273504273504274;0.0;0.0013514007094736664;0.0004273504273504274;0.004273504273504274
256;previous;0.0;0.0;0.0;0.0;0.0;0.0;0.0;0.0;0.0;0.004273504273504274;0.0;0.004273504273504274;0.0;0.0013514007094736664;0.0004273504273504274;0.004273504273504274
257;controversy;0.0;0.0;0.0;0.0;0.0;0.0;0.0;0.0;0.0;0.004273504273504274;0.0;0.004273504273504274;0.0;0.0013514007094736664;0.0004273504273504274;0.004273504273504274
258;shemie;0.0;0.0;0.0;0.0;0.0;0.0;0.0;0.0;0.0;0.004273504273504274;0.0;0.004273504273504274;0.0;0.0013514007094736664;0.0004273504273504274;0.004273504273504274
259;womens;0.0;0.0;0.0;0.0;0.0;0.0;0.0;0.0;0.0;0.004273504273504274;0.0;0.004273504273504274;0.0;0.0013514007094736664;0.0004273504273504274;0.004273504273504274
260;primarily;0.0;0.0;0.0;0.0;0.0;0.0;0.0;0.0;0.0;0.004273504273504274;0.0;0.004273504273504274;0.0;0.0013514007094736664;0.0004273504273504274;0.004273504273504274
261;nephrologist;0.0;0.0;0.0;0.0;0.0;0.0;0.0;0.0;0.0;0.004273504273504274;0.0;0.004273504273504274;0.0;0.0013514007094736664;0.0004273504273504274;0.004273504273504274
262;goldberg;0.0;0.0;0.0;0.0;0.0;0.0;0.0;0.0;0.0;0.004273504273504274;0.0;0.004273504273504274;0.0;0.0013514007094736664;0.0004273504273504274;0.004273504273504274
263;aviva;0.0;0.0;0.0;0.0;0.0;0.0;0.0;0.0;0.0;0.004273504273504274;0.0;0.004273504273504274;0.0;0.0013514007094736664;0.0004273504273504274;0.004273504273504274
264;gruben;0.0;0.0;0.0;0.0;0.0;0.0;0.0;0.0;0.0;0.004273504273504274;0.0;0.004273504273504274;0.0;0.0013514007094736664;0.0004273504273504274;0.004273504273504274
265;vanessa;0.0;0.0;0.0;0.0;0.0;0.0;0.0;0.0;0.0;0.004273504273504274;0.0;0.004273504273504274;0.0;0.0013514007094736664;0.0004273504273504274;0.004273504273504274
266;james;0.0;0.0;0.0;0.0;0.0;0.0;0.0;0.0;0.0;0.004273504273504274;0.0;0.004273504273504274;0.0;0.0013514007094736664;0.0004273504273504274;0.004273504273504274
267;umc;0.0;0.0;0.0;0.0;0.0;0.0;0.0;0.0;0.0;0.004273504273504274;0.0;0.004273504273504274;0.0;0.0013514007094736664;0.0004273504273504274;0.004273504273504274
268;evidera;0.0;0.0;0.0;0.0;0.0;0.0;0.0;0.0;0.0;0.004273504273504274;0.0;0.004273504273504274;0.0;0.0013514007094736664;0.0004273504273504274;0.004273504273504274
269;ingelheim;0.0;0.0;0.0;0.0;0.0;0.0;0.0;0.0;0.0;0.004273504273504274;0.0;0.004273504273504274;0.0;0.0013514007094736664;0.0004273504273504274;0.004273504273504274
270;foundation;0.0;0.0;0.0;0.0;0.0;0.0;0.0;0.0;0.0;0.004273504273504274;0.03205128205128205;0.004273504273504274;0.0;0.0013514007094736664;0.0004273504273504274;0.004273504273504274
271;co;0.0;0.0;0.0;0.0;0.0;0.0;0.0;0.0;0.0;0.004273504273504274;0.019230769230769232;0.004273504273504274;0.0;0.0013514007094736664;0.0004273504273504274;0.004273504273504274
272;utrecht;0.0;0.0;0.0;0.0;0.0;0.0;0.0;0.0;0.0;0.004273504273504274;0.0;0.004273504273504274;0.0;0.0013514007094736664;0.0004273504273504274;0.004273504273504274
273;fund;0.0;0.0;0.0;0.0;0.0;0.0;0.0;0.0;0.0;0.004273504273504274;0.01282051282051282;0.004273504273504274;0.0;0.0013514007094736664;0.0004273504273504274;0.004273504273504274
274;institute;0.0;0.0;0.0;0.0;0.0;0.0;0.0;0.0;0.0;0.004273504273504274;0.01282051282051282;0.004273504273504274;0.0;0.0013514007094736664;0.0004273504273504274;0.004273504273504274
275;oocyte;0.0;0.0;0.0;0.0;0.0;0.0;0.0;0.0;0.0;0.004273504273504274;0.0;0.004273504273504274;0.0;0.0013514007094736664;0.0004273504273504274;0.004273504273504274
276;bank;0.0;0.0;0.0;0.0;0.0;0.0;0.0;0.0;0.0;0.004273504273504274;0.0;0.004273504273504274;0.0;0.0013514007094736664;0.0004273504273504274;0.004273504273504274
277;form;0.0;0.0;0.0;0.0;0.0;0.0;0.0;0.0;0.0;0.004273504273504274;0.00641025641025641;0.004273504273504274;0.0;0.0013514007094736664;0.0004273504273504274;0.004273504273504274
278;recent;0.0;0.0;0.0;0.0;0.0;0.0;0.0;0.0;0.0;0.004273504273504274;0.0;0.004273504273504274;0.0;0.0013514007094736664;0.0004273504273504274;0.004273504273504274
279;5;0.0;0.0;0.0;0.0;0.0;0.0;0.0;0.0;0.0;0.004273504273504274;0.0;0.004273504273504274;0.0;0.0013514007094736664;0.0004273504273504274;0.004273504273504274
280;year;0.0;0.0;0.0;0.0;0.0;0.0;0.0;0.0;0.0;0.004273504273504274;0.0;0.004273504273504274;0.0;0.0013514007094736664;0.0004273504273504274;0.004273504273504274
281;period;0.0;0.0;0.0;0.0;0.0;0.0;0.0;0.0;0.0;0.004273504273504274;0.0;0.004273504273504274;0.0;0.0013514007094736664;0.0004273504273504274;0.004273504273504274
282;alphabetic;0.0;0.0;0.0;0.0;0.0;0.0;0.0;0.0;0.0;0.004273504273504274;0.0;0.004273504273504274;0.0;0.0013514007094736664;0.0004273504273504274;0.004273504273504274
283;order;0.0;0.0;0.0;0.0;0.0;0.0;0.0;0.0;0.0;0.004273504273504274;0.0;0.004273504273504274;0.0;0.0013514007094736664;0.0004273504273504274;0.004273504273504274
284;novartis;0.0;0.0;0.0;0.0;0.0;0.0;0.0;0.0;0.0;0.004273504273504274;0.00641025641025641;0.004273504273504274;0.0;0.0013514007094736664;0.0004273504273504274;0.004273504273504274
285;outside;0.0;0.0;0.0;0.0;0.0;0.0;0.0;0.0;0.0;0.004273504273504274;0.00641025641025641;0.004273504273504274;0.0;0.0013514007094736664;0.0004273504273504274;0.004273504273504274
286;submit;0.0;0.0;0.0;0.0;0.0;0.0;0.0;0.0;0.0;0.004273504273504274;0.00641025641025641;0.004273504273504274;0.0;0.0013514007094736664;0.0004273504273504274;0.004273504273504274
287;abk;0.0;0.0;0.0;0.0;0.0;0.0;0.0;0.0;0.0;0.004273504273504274;0.0;0.004273504273504274;0.0;0.0013514007094736664;0.0004273504273504274;0.004273504273504274
288;boehringer;0.0;0.0;0.0;0.0;0.0;0.0;0.0;0.0;0.0;0.004273504273504274;0.0;0.004273504273504274;0.0;0.0013514007094736664;0.0004273504273504274;0.004273504273504274
289;provincial;0.0;0.0;0.0;0.0;0.0;0.0;0.0;0.0;0.0;0.004273504273504274;0.0;0.004273504273504274;0.0;0.0013514007094736664;0.0004273504273504274;0.004273504273504274
290;reporting;0.0;0.0;0.0;0.0;0.0;0.0;0.0;0.0;0.0;0.004273504273504274;0.0;0.004273504273504274;0.0;0.0013514007094736664;0.0004273504273504274;0.004273504273504274
291;ardea;0.0;0.0;0.0;0.0;0.0;0.0;0.0;0.0;0.0;0.004273504273504274;0.0;0.004273504273504274;0.0;0.0013514007094736664;0.0004273504273504274;0.004273504273504274
292;biosciences;0.0;0.0;0.0;0.0;0.0;0.0;0.0;0.0;0.0;0.004273504273504274;0.0;0.004273504273504274;0.0;0.0013514007094736664;0.0004273504273504274;0.004273504273504274
293;dyt;0.0;0.0;0.0;0.0;0.0;0.0;0.0;0.0;0.0;0.004273504273504274;0.0;0.004273504273504274;0.0;0.0013514007094736664;0.0004273504273504274;0.004273504273504274
294;analysis;0.0;0.0;0.0;0.0;0.0;0.0;0.0;0.0;0.0;0.004273504273504274;0.0;0.004273504273504274;0.0;0.0013514007094736664;0.0004273504273504274;0.004273504273504274
295;sam;0.0;0.0;0.0;0.0;0.0;0.0;0.0;0.0;0.0;0.004273504273504274;0.0;0.004273504273504274;0.0;0.0013514007094736664;0.0004273504273504274;0.004273504273504274
296;recipient;0.0;0.0;0.0;0.0;0.0;0.0;0.0;0.0;0.0;0.004273504273504274;0.0;0.004273504273504274;0.0;0.0013514007094736664;0.0004273504273504274;0.004273504273504274
297;assistance;0.0;0.0;0.0;0.0;0.0;0.0;0.0;0.0;0.0;0.004273504273504274;0.0;0.004273504273504274;0.0;0.0013514007094736664;0.0004273504273504274;0.004273504273504274
298;nf;0.0;0.0;0.0;0.0;0.0;0.0;0.0;0.0;0.0;0.004273504273504274;0.0;0.004273504273504274;0.0;0.0013514007094736664;0.0004273504273504274;0.004273504273504274
299;ontario;0.0;0.0;0.0;0.0;0.0;0.0;0.0;0.0;0.0;0.004273504273504274;0.0;0.004273504273504274;0.0;0.0013514007094736664;0.0004273504273504274;0.004273504273504274
300;applicable.dhj;0.0;0.0;0.0;0.0;0.0;0.0;0.0;0.0;0.0;0.004273504273504274;0.0;0.004273504273504274;0.0;0.0013514007094736664;0.0004273504273504274;0.004273504273504274
301;037/2015).not;0.0;0.0;0.0;0.0;0.0;0.0;0.0;0.0;0.0;0.004273504273504274;0.0;0.004273504273504274;0.0;0.0013514007094736664;0.0004273504273504274;0.004273504273504274
302;euroscreen;0.0;0.0;0.0;0.0;0.0;0.0;0.0;0.0;0.0;0.004273504273504274;0.0;0.004273504273504274;0.0;0.0013514007094736664;0.0004273504273504274;0.004273504273504274
303;study.not;0.0;0.0;0.0;0.0;0.0;0.0;0.0;0.0;0.0;0.004273504273504274;0.0;0.004273504273504274;0.0;0.0013514007094736664;0.0004273504273504274;0.004273504273504274
304;include;0.0;0.0;0.0;0.0;0.0;0.0;0.0;0.0;0.0;0.004273504273504274;0.0;0.004273504273504274;0.0;0.0013514007094736664;0.0004273504273504274;0.004273504273504274
305;write;0.0;0.0;0.0;0.0;0.0;0.0;0.0;0.0;0.0;0.004273504273504274;0.0;0.004273504273504274;0.0;0.0013514007094736664;0.0004273504273504274;0.004273504273504274
306;college;0.0;0.0;0.0;0.0;0.0;0.0;0.0;0.0;0.0;0.004273504273504274;0.0;0.004273504273504274;0.0;0.0013514007094736664;0.0004273504273504274;0.004273504273504274
307;review;0.0;0.0;0.0;0.0;0.0;0.0;0.0;0.0;0.0;0.004273504273504274;0.0;0.004273504273504274;0.0;0.0013514007094736664;0.0004273504273504274;0.004273504273504274
308;6/13/03/02/2016;0.0;0.0;0.0;0.0;0.0;0.0;0.0;0.0;0.0;0.004273504273504274;0.0;0.004273504273504274;0.0;0.0013514007094736664;0.0004273504273504274;0.004273504273504274
309;dnro;0.0;0.0;0.0;0.0;0.0;0.0;0.0;0.0;0.0;0.004273504273504274;0.0;0.004273504273504274;0.0;0.0013514007094736664;0.0004273504273504274;0.004273504273504274
310;jc;0.0;0.0;0.0;0.0;0.0;0.0;0.0;0.0;0.0;0.004273504273504274;0.0;0.004273504273504274;0.0;0.0013514007094736664;0.0004273504273504274;0.004273504273504274
311;watson;0.0;0.0;0.0;0.0;0.0;0.0;0.0;0.0;0.0;0.004273504273504274;0.0;0.004273504273504274;0.0;0.0013514007094736664;0.0004273504273504274;0.004273504273504274
312;nzaic;0.0;0.0;0.0;0.0;0.0;0.0;0.0;0.0;0.0;0.004273504273504274;0.0;0.004273504273504274;0.0;0.0013514007094736664;0.0004273504273504274;0.004273504273504274
313;ogeda;0.0;0.0;0.0;0.0;0.0;0.0;0.0;0.0;0.0;0.004273504273504274;0.0;0.004273504273504274;0.0;0.0013514007094736664;0.0004273504273504274;0.004273504273504274
314;initiator;0.0;0.0;0.0;0.0;0.0;0.0;0.0;0.0;0.0;0.004273504273504274;0.0;0.004273504273504274;0.0;0.0013514007094736664;0.0004273504273504274;0.004273504273504274
315;activity;0.0;0.0;0.0;0.0;0.0;0.0;0.0;0.0;0.0;0.004273504273504274;0.0;0.004273504273504274;0.0;0.0013514007094736664;0.0004273504273504274;0.004273504273504274
316;ameb;0.0;0.0;0.0;0.0;0.0;0.0;0.0;0.0;0.0;0.004273504273504274;0.0;0.004273504273504274;0.0;0.0013514007094736664;0.0004273504273504274;0.004273504273504274
317;intereststhe;0.0;0.0;0.0;0.0;0.0;0.0;0.0;0.0;0.0;0.004273504273504274;0.0;0.004273504273504274;0.0;0.0013514007094736664;0.0004273504273504274;0.004273504273504274
318;j.t.c;0.0;0.0;0.0;0.0;0.0;0.0;0.0;0.0;0.0;0.004273504273504274;0.0;0.004273504273504274;0.0;0.0013514007094736664;0.0004273504273504274;0.004273504273504274
319;s.c;0.0;0.0;0.0;0.0;0.0;0.0;0.0;0.0;0.0;0.004273504273504274;0.0;0.004273504273504274;0.0;0.0013514007094736664;0.0004273504273504274;0.004273504273504274
320;payment;0.0;0.0;0.0;0.0;0.0;0.0;0.0;0.0;0.0;0.004273504273504274;0.0;0.004273504273504274;0.0;0.0013514007094736664;0.0004273504273504274;0.004273504273504274
321;educational;0.0;0.0;0.0;0.0;0.0;0.0;0.0;0.0;0.0;0.004273504273504274;0.0;0.004273504273504274;0.0;0.0013514007094736664;0.0004273504273504274;0.004273504273504274
322;ferre;0.0;0.0;0.0;0.0;0.0;0.0;0.0;0.0;0.0;0.004273504273504274;0.0;0.004273504273504274;0.0;0.0013514007094736664;0.0004273504273504274;0.004273504273504274
323;london;0.0;0.0;0.0;0.0;0.0;0.0;0.0;0.0;0.0;0.004273504273504274;0.0;0.004273504273504274;0.0;0.0013514007094736664;0.0004273504273504274;0.004273504273504274
324;zonmw;0.0;0.0;0.0;0.0;0.0;0.0;0.0;0.0;0.0;0.004273504273504274;0.0;0.004273504273504274;0.0;0.0013514007094736664;0.0004273504273504274;0.004273504273504274
325;counsel;0.0;0.0;0.0;0.0;0.0;0.0;0.0;0.0;0.0;0.004273504273504274;0.0;0.004273504273504274;0.0;0.0013514007094736664;0.0004273504273504274;0.004273504273504274
326;obstetrics;0.0;0.0;0.0;0.0;0.0;0.0;0.0;0.0;0.0;0.004273504273504274;0.0;0.004273504273504274;0.0;0.0013514007094736664;0.0004273504273504274;0.004273504273504274
327;cogi;0.0;0.0;0.0;0.0;0.0;0.0;0.0;0.0;0.0;0.004273504273504274;0.0;0.004273504273504274;0.0;0.0013514007094736664;0.0004273504273504274;0.004273504273504274
328;operative;0.0;0.0;0.0;0.0;0.0;0.0;0.0;0.0;0.0;0.004273504273504274;0.0;0.004273504273504274;0.0;0.0013514007094736664;0.0004273504273504274;0.004273504273504274
329;zealand;0.0;0.0;0.0;0.0;0.0;0.0;0.0;0.0;0.0;0.004273504273504274;0.0;0.004273504273504274;0.0;0.0013514007094736664;0.0004273504273504274;0.004273504273504274
330;hus;0.0;0.0;0.0;0.0;0.0;0.0;0.0;0.0;0.0;0.004273504273504274;0.0;0.004273504273504274;0.0;0.0013514007094736664;0.0004273504273504274;0.004273504273504274
331;heart;0.0;0.0;0.0;0.0;0.0;0.0;0.0;0.0;0.0;0.004273504273504274;0.0;0.004273504273504274;0.0;0.0013514007094736664;0.0004273504273504274;0.004273504273504274
332;family;0.0;0.0;0.0;0.0;0.0;0.0;0.0;0.0;0.0;0.004273504273504274;0.0;0.004273504273504274;0.0;0.0013514007094736664;0.0004273504273504274;0.004273504273504274
333;gynecology;0.0;0.0;0.0;0.0;0.0;0.0;0.0;0.0;0.0;0.004273504273504274;0.0;0.004273504273504274;0.0;0.0013514007094736664;0.0004273504273504274;0.004273504273504274
334;dignity;0.0;0.0;0.0;0.0;0.0;0.0;0.0;0.0;0.0;0.004273504273504274;0.0;0.004273504273504274;0.0;0.0013514007094736664;0.0004273504273504274;0.004273504273504274
335;legalization;0.0;0.0;0.0;0.0;0.0;0.0;0.0;0.0;0.0;0.004273504273504274;0.0;0.004273504273504274;0.0;0.0013514007094736664;0.0004273504273504274;0.004273504273504274
336;donation;0.0;0.0;0.0;0.0;0.0;0.0;0.0;0.0;0.004149377593360996;0.0;0.0;0.004149377593360996;0.0;0.0013121484067088712;0.0004149377593360996;0.004149377593360996
337;erklaren;0.0;0.0;0.0;0.0;0.0;0.0;0.0;0.0;0.004149377593360996;0.0;0.0;0.004149377593360996;0.0;0.0013121484067088712;0.0004149377593360996;0.004149377593360996
338;autoren;0.0;0.0;0.0;0.0;0.0;0.0;0.0;0.0;0.004149377593360996;0.0;0.0;0.004149377593360996;0.0;0.0013121484067088712;0.0004149377593360996;0.004149377593360996
339;hiermit;0.0;0.0;0.0;0.0;0.0;0.0;0.0;0.0;0.004149377593360996;0.0;0.0;0.004149377593360996;0.0;0.0013121484067088712;0.0004149377593360996;0.004149377593360996
340;dass;0.0;0.0;0.0;0.0;0.0;0.0;0.0;0.0;0.004149377593360996;0.0;0.0;0.004149377593360996;0.0;0.0013121484067088712;0.0004149377593360996;0.004149377593360996
341;kein;0.0;0.0;0.0;0.0;0.0;0.0;0.0;0.0;0.004149377593360996;0.0;0.0;0.004149377593360996;0.0;0.0013121484067088712;0.0004149377593360996;0.004149377593360996
342;interessenkonflikt;0.0;0.0;0.0;0.0;0.0;0.0;0.0;0.0;0.004149377593360996;0.0;0.0;0.004149377593360996;0.0;0.0013121484067088712;0.0004149377593360996;0.004149377593360996
343;besteht;0.0;0.0;0.0;0.0;0.0;0.0;0.0;0.0;0.004149377593360996;0.0;0.0;0.004149377593360996;0.0;0.0013121484067088712;0.0004149377593360996;0.004149377593360996
344;graduate;0.0;0.0;0.0;0.0;0.0;0.0;0.0;0.0;0.004149377593360996;0.0;0.0;0.004149377593360996;0.0;0.0013121484067088712;0.0004149377593360996;0.004149377593360996
345;nhs;0.0;0.0;0.0;0.0;0.0;0.0;0.0;0.0;0.004149377593360996;0.0;0.0;0.004149377593360996;0.0;0.0013121484067088712;0.0004149377593360996;0.004149377593360996
346;school;0.0;0.0;0.0;0.0;0.0;0.0;0.0;0.0;0.004149377593360996;0.0;0.0;0.004149377593360996;0.0;0.0013121484067088712;0.0004149377593360996;0.004149377593360996
347;plasma;0.0;0.0;0.0;0.0;0.0;0.0;0.0;0.0;0.004149377593360996;0.0;0.0;0.004149377593360996;0.0;0.0013121484067088712;0.0004149377593360996;0.004149377593360996
348;provide;0.0;0.0;0.0;0.0;0.0;0.0;0.0;0.0;0.004149377593360996;0.0;0.0;0.004149377593360996;0.0;0.0013121484067088712;0.0004149377593360996;0.004149377593360996
349;society;0.0;0.0;0.0;0.0;0.0;0.0;0.0;0.0;0.004149377593360996;0.0;0.019230769230769232;0.004149377593360996;0.0;0.0013121484067088712;0.0004149377593360996;0.004149377593360996
350;procedure;0.0;0.0;0.0;0.0;0.0;0.0;0.0;0.0;0.004149377593360996;0.0;0.019230769230769232;0.004149377593360996;0.0;0.0013121484067088712;0.0004149377593360996;0.004149377593360996
351;confirm;0.0;0.0;0.0;0.0;0.0;0.0;0.0;0.0;0.004149377593360996;0.0;0.0;0.004149377593360996;0.0;0.0013121484067088712;0.0004149377593360996;0.004149377593360996
352;ethical;0.0;0.0;0.0;0.0;0.0;0.0;0.0;0.0;0.004149377593360996;0.0;0.019230769230769232;0.004149377593360996;0.0;0.0013121484067088712;0.0004149377593360996;0.004149377593360996
353;medicine;0.0;0.0;0.0;0.0;0.0;0.0;0.0;0.0;0.004149377593360996;0.0;0.0;0.004149377593360996;0.0;0.0013121484067088712;0.0004149377593360996;0.004149377593360996
354;innsbruck;0.0;0.0;0.0;0.0;0.0;0.0;0.0;0.0;0.004149377593360996;0.0;0.0;0.004149377593360996;0.0;0.0013121484067088712;0.0004149377593360996;0.004149377593360996
355;represent;0.0;0.0;0.0;0.0;0.0;0.0;0.0;0.0;0.004149377593360996;0.0;0.0;0.004149377593360996;0.0;0.0013121484067088712;0.0004149377593360996;0.004149377593360996
356;view;0.0;0.0;0.0;0.0;0.0;0.0;0.0;0.0;0.004149377593360996;0.0;0.0;0.004149377593360996;0.0;0.0013121484067088712;0.0004149377593360996;0.004149377593360996
357;british;0.0;0.0;0.0;0.0;0.0;0.0;0.0;0.0;0.004149377593360996;0.0;0.0;0.004149377593360996;0.0;0.0013121484067088712;0.0004149377593360996;0.004149377593360996
358;ds;0.0;0.0;0.0;0.0;0.0;0.0;0.0;0.0;0.004149377593360996;0.0;0.0;0.004149377593360996;0.0;0.0013121484067088712;0.0004149377593360996;0.004149377593360996
359;accord;0.0;0.0;0.0;0.0;0.0;0.0;0.0;0.0;0.004149377593360996;0.0;0.00641025641025641;0.004149377593360996;0.0;0.0013121484067088712;0.0004149377593360996;0.004149377593360996
360;consent.not;0.0;0.0;0.0;0.0;0.0;0.0;0.0;0.0;0.004149377593360996;0.0;0.0;0.004149377593360996;0.0;0.0013121484067088712;0.0004149377593360996;0.004149377593360996
361;collect;0.0;0.0;0.0;0.0;0.0;0.0;0.0;0.0;0.004149377593360996;0.0;0.0;0.004149377593360996;0.0;0.0013121484067088712;0.0004149377593360996;0.004149377593360996
362;sample;0.0;0.0;0.0;0.0;0.0;0.0;0.0;0.0;0.004149377593360996;0.0;0.0;0.004149377593360996;0.0;0.0013121484067088712;0.0004149377593360996;0.004149377593360996
363;project.the;0.0;0.0;0.0;0.0;0.0;0.0;0.0;0.0;0.004149377593360996;0.0;0.0;0.004149377593360996;0.0;0.0013121484067088712;0.0004149377593360996;0.004149377593360996
364;hospitalier;0.0;0.0;0.0;0.0;0.0;0.0;0.0;0.0;0.004149377593360996;0.0;0.0;0.004149377593360996;0.0;0.0013121484067088712;0.0004149377593360996;0.004149377593360996
365;lead;0.0;0.0;0.0;0.0;0.0;0.0;0.0;0.0;0.004149377593360996;0.0;0.0;0.004149377593360996;0.0;0.0013121484067088712;0.0004149377593360996;0.004149377593360996
366;people;0.0;0.0;0.0;0.0;0.0;0.0;0.0;0.0;0.004149377593360996;0.0;0.0;0.004149377593360996;0.0;0.0013121484067088712;0.0004149377593360996;0.004149377593360996
367;publication.the;0.0;0.0;0.0;0.0;0.0;0.0;0.0;0.0;0.004149377593360996;0.0;0.0;0.004149377593360996;0.0;0.0013121484067088712;0.0004149377593360996;0.004149377593360996
368;submission;0.0;0.0;0.0;0.0;0.0;0.0;0.0;0.0;0.004149377593360996;0.0;0.0;0.004149377593360996;0.0;0.0013121484067088712;0.0004149377593360996;0.004149377593360996
369;exit;0.0;0.0;0.0;0.0;0.0;0.0;0.0;0.0;0.004149377593360996;0.0;0.0;0.004149377593360996;0.0;0.0013121484067088712;0.0004149377593360996;0.004149377593360996
370;wydw2016-0224.no;0.0;0.0;0.0;0.0;0.0;0.0;0.0;0.0;0.004149377593360996;0.0;0.0;0.004149377593360996;0.0;0.0013121484067088712;0.0004149377593360996;0.004149377593360996
371;wenzhou;0.0;0.0;0.0;0.0;0.0;0.0;0.0;0.0;0.004149377593360996;0.0;0.0;0.004149377593360996;0.0;0.0013121484067088712;0.0004149377593360996;0.004149377593360996
372;act;0.0;0.0;0.0;0.0;0.0;0.0;0.0;0.0;0.004149377593360996;0.0;0.0;0.004149377593360996;0.0;0.0013121484067088712;0.0004149377593360996;0.004149377593360996
373;interestsspringer;0.0;0.0;0.0;0.0;0.0;0.0;0.0;0.0;0.004149377593360996;0.0;0.0;0.004149377593360996;0.0;0.0013121484067088712;0.0004149377593360996;0.004149377593360996
374;austrian;0.0;0.0;0.0;0.0;0.0;0.0;0.0;0.0;0.004149377593360996;0.0;0.0;0.004149377593360996;0.0;0.0013121484067088712;0.0004149377593360996;0.004149377593360996
375;309201803130912).the;0.0;0.0;0.0;0.0;0.0;0.0;0.0;0.0;0.004149377593360996;0.0;0.0;0.004149377593360996;0.0;0.0013121484067088712;0.0004149377593360996;0.004149377593360996
376;individual;0.0;0.0;0.0;0.0;0.0;0.0;0.0;0.0;0.004149377593360996;0.0;0.0;0.004149377593360996;0.0;0.0013121484067088712;0.0004149377593360996;0.004149377593360996
377;army;0.0;0.0;0.0;0.0;0.0;0.0;0.0;0.0;0.004149377593360996;0.0;0.0;0.004149377593360996;0.0;0.0013121484067088712;0.0004149377593360996;0.004149377593360996
378;liberation;0.0;0.0;0.0;0.0;0.0;0.0;0.0;0.0;0.004149377593360996;0.0;0.0;0.004149377593360996;0.0;0.0013121484067088712;0.0004149377593360996;0.004149377593360996
379;309th;0.0;0.0;0.0;0.0;0.0;0.0;0.0;0.0;0.004149377593360996;0.0;0.0;0.004149377593360996;0.0;0.0013121484067088712;0.0004149377593360996;0.004149377593360996
380;deputy;0.0;0.0;0.0;0.0;0.0;0.0;0.0;0.0;0.004149377593360996;0.0;0.0;0.004149377593360996;0.0;0.0013121484067088712;0.0004149377593360996;0.004149377593360996
381;note;0.0;0.0;0.0;0.0;0.0;0.0;0.0;0.0;0.004149377593360996;0.0;0.0;0.004149377593360996;0.0;0.0013121484067088712;0.0004149377593360996;0.004149377593360996
382;applicablethe;0.0;0.0;0.0;0.0;0.0;0.0;0.0;0.0;0.004149377593360996;0.0;0.0;0.004149377593360996;0.0;0.0013121484067088712;0.0004149377593360996;0.004149377593360996
383;law.not;0.0;0.0;0.0;0.0;0.0;0.0;0.0;0.0;0.004149377593360996;0.0;0.0;0.004149377593360996;0.0;0.0013121484067088712;0.0004149377593360996;0.004149377593360996
384;consent.all;0.0;0.0;0.0;0.0;0.0;0.0;0.0;0.0;0.004149377593360996;0.0;0.0;0.004149377593360996;0.0;0.0013121484067088712;0.0004149377593360996;0.004149377593360996
385;l'universite;0.0;0.0;0.0;0.0;0.0;0.0;0.0;0.0;0.004149377593360996;0.0;0.0;0.004149377593360996;0.0;0.0013121484067088712;0.0004149377593360996;0.004149377593360996
386;welfare;0.0;0.0;0.0;0.0;0.0;0.0;0.0;0.0;0.004149377593360996;0.0;0.0;0.004149377593360996;0.0;0.0013121484067088712;0.0004149377593360996;0.004149377593360996
387;require;0.0;0.0;0.0;0.0;0.0;0.0;0.0;0.0;0.004149377593360996;0.0;0.0;0.004149377593360996;0.0;0.0013121484067088712;0.0004149377593360996;0.004149377593360996
388;observational;0.0;0.0;0.0;0.0;0.0;0.0;0.0;0.0;0.004149377593360996;0.0;0.0;0.004149377593360996;0.0;0.0013121484067088712;0.0004149377593360996;0.004149377593360996
389;retrospective;0.0;0.0;0.0;0.0;0.0;0.0;0.0;0.0;0.004149377593360996;0.0;0.0;0.004149377593360996;0.0;0.0013121484067088712;0.0004149377593360996;0.004149377593360996
390;informed;0.0;0.0;0.0;0.0;0.0;0.0;0.0;0.0;0.004149377593360996;0.0;0.0;0.004149377593360996;0.0;0.0013121484067088712;0.0004149377593360996;0.004149377593360996
391;centre;0.0;0.0;0.0;0.0;0.0;0.0;0.0;0.0;0.004149377593360996;0.0;0.0;0.004149377593360996;0.0;0.0013121484067088712;0.0004149377593360996;0.004149377593360996
392;dg;0.0;0.0;0.0;0.0;0.0;0.0;0.0;0.0;0.004149377593360996;0.0;0.0;0.004149377593360996;0.0;0.0013121484067088712;0.0004149377593360996;0.004149377593360996
393;montreal;0.0;0.0;0.0;0.0;0.0;0.0;0.0;0.0;0.004149377593360996;0.0;0.0;0.004149377593360996;0.0;0.0013121484067088712;0.0004149377593360996;0.004149377593360996
394;lecturing;0.0;0.0;0.0;0.0;0.0;0.0;0.0;0.0;0.0;0.0;0.00641025641025641;0.0;0.0;0.0;0.0;0.0
395;que;0.0;0.0;0.0;0.0;0.0;0.0;0.0;0.0;0.0;0.0;0.00641025641025641;0.0;0.0;0.0;0.0;0.0
396;toutes;0.0;0.0;0.0;0.0;0.0;0.0;0.0;0.0;0.0;0.0;0.00641025641025641;0.0;0.0;0.0;0.0;0.0
397;l'auteur;0.0;0.0;0.0;0.0;0.0;0.0;0.0;0.0;0.0;0.0;0.00641025641025641;0.0;0.0;0.0;0.0;0.0
398;n'a;0.0;0.0;0.0;0.0;0.0;0.0;0.0;0.0;0.0;0.0;0.00641025641025641;0.0;0.0;0.0;0.0;0.0
399;turunen;0.0;0.0;0.0;0.0;0.0;0.0;0.0;0.0;0.0;0.0;0.00641025641025641;0.0;0.0;0.0;0.0;0.0
400;martti;0.0;0.0;0.0;0.0;0.0;0.0;0.0;0.0;0.0;0.0;0.00641025641025641;0.0;0.0;0.0;0.0;0.0
401;ehrnrooth;0.0;0.0;0.0;0.0;0.0;0.0;0.0;0.0;0.0;0.0;0.00641025641025641;0.0;0.0;0.0;0.0;0.0
402;georg;0.0;0.0;0.0;0.0;0.0;0.0;0.0;0.0;0.0;0.0;0.00641025641025641;0.0;0.0;0.0;0.0;0.0
403;aucun;0.0;0.0;0.0;0.0;0.0;0.0;0.0;0.0;0.0;0.0;0.00641025641025641;0.0;0.0;0.0;0.0;0.0
404;mary;0.0;0.0;0.0;0.0;0.0;0.0;0.0;0.0;0.0;0.0;0.00641025641025641;0.0;0.0;0.0;0.0;0.0
405;tutkimussaatio;0.0;0.0;0.0;0.0;0.0;0.0;0.0;0.0;0.0;0.0;0.00641025641025641;0.0;0.0;0.0;0.0;0.0
406;vatsatautien;0.0;0.0;0.0;0.0;0.0;0.0;0.0;0.0;0.0;0.0;0.00641025641025641;0.0;0.0;0.0;0.0;0.0
407;vs;0.0;0.0;0.0;0.0;0.0;0.0;0.0;0.0;0.0;0.0;0.00641025641025641;0.0;0.0;0.0;0.0;0.0
408;conflit;0.0;0.0;0.0;0.0;0.0;0.0;0.0;0.0;0.0;0.0;0.00641025641025641;0.0;0.0;0.0;0.0;0.0
409;d'interets;0.0;0.0;0.0;0.0;0.0;0.0;0.0;0.0;0.0;0.0;0.00641025641025641;0.0;0.0;0.0;0.0;0.0
410;en;0.0;0.0;0.0;0.0;0.0;0.0;0.0;0.0;0.0;0.0;0.00641025641025641;0.0;0.0;0.0;0.0;0.0
411;relation;0.0;0.0;0.0;0.0;0.0;0.0;0.0;0.0;0.0;0.0;0.00641025641025641;0.0;0.0;0.0;0.0;0.0
412;avec;0.0;0.0;0.0;0.0;0.0;0.0;0.0;0.0;0.0;0.0;0.00641025641025641;0.0;0.0;0.0;0.0;0.0
413;cet;0.0;0.0;0.0;0.0;0.0;0.0;0.0;0.0;0.0;0.0;0.00641025641025641;0.0;0.0;0.0;0.0;0.0
414;organization;0.0;0.0;0.0;0.0;0.0;0.0;0.0;0.0;0.0;0.0;0.00641025641025641;0.0;0.0;0.0;0.0;0.0
415;tissue;0.0;0.0;0.0;0.0;0.0;0.0;0.0;0.0;0.0;0.0;0.00641025641025641;0.0;0.0;0.0;0.0;0.0
416;surgical;0.0;0.0;0.0;0.0;0.0;0.0;0.0;0.0;0.0;0.0;0.00641025641025641;0.0;0.0;0.0;0.0;0.0
417;vantaa;0.0;0.0;0.0;0.0;0.0;0.0;0.0;0.0;0.0;0.0;0.00641025641025641;0.0;0.0;0.0;0.0;0.0
418;certification;0.0;0.0;0.0;0.0;0.0;0.0;0.0;0.0;0.0;0.0;0.00641025641025641;0.0;0.0;0.0;0.0;0.0
419;notto;0.0;0.0;0.0;0.0;0.0;0.0;0.0;0.0;0.0;0.0;0.00641025641025641;0.0;0.0;0.0;0.0;0.0
420;principal;0.0;0.0;0.0;0.0;0.0;0.0;0.0;0.0;0.0;0.0;0.00641025641025641;0.0;0.0;0.0;0.0;0.0
421;caballeta;0.0;0.0;0.0;0.0;0.0;0.0;0.0;0.0;0.0;0.0;0.00641025641025641;0.0;0.0;0.0;0.0;0.0
422;finnish;0.0;0.0;0.0;0.0;0.0;0.0;0.0;0.0;0.0;0.0;0.019230769230769232;0.0;0.0;0.0;0.0;0.0
423;investigator;0.0;0.0;0.0;0.0;0.0;0.0;0.0;0.0;0.0;0.0;0.019230769230769232;0.0;0.0;0.0;0.0;0.0
424;prior;0.0;0.0;0.0;0.0;0.0;0.0;0.0;0.0;0.0;0.0;0.019230769230769232;0.0;0.0;0.0;0.0;0.0
425;therapeutic;0.0;0.0;0.0;0.0;0.0;0.0;0.0;0.0;0.0;0.0;0.01282051282051282;0.0;0.0;0.0;0.0;0.0
426;finland;0.0;0.0;0.0;0.0;0.0;0.0;0.0;0.0;0.0;0.0;0.01282051282051282;0.0;0.0;0.0;0.0;0.0
427;academy;0.0;0.0;0.0;0.0;0.0;0.0;0.0;0.0;0.0;0.0;0.01282051282051282;0.0;0.0;0.0;0.0;0.0
428;take;0.0;0.0;0.0;0.0;0.0;0.0;0.0;0.0;0.0;0.0;0.01282051282051282;0.0;0.0;0.0;0.0;0.0
429;gastroenterological;0.0;0.0;0.0;0.0;0.0;0.0;0.0;0.0;0.0;0.0;0.01282051282051282;0.0;0.0;0.0;0.0;0.0
430;detail;0.0;0.0;0.0;0.0;0.0;0.0;0.0;0.0;0.0;0.0;0.01282051282051282;0.0;0.0;0.0;0.0;0.0
431;cb;0.0;0.0;0.0;0.0;0.0;0.0;0.0;0.0;0.0;0.0;0.00641025641025641;0.0;0.0;0.0;0.0;0.0
432;icmje;0.0;0.0;0.0;0.0;0.0;0.0;0.0;0.0;0.0;0.0;0.00641025641025641;0.0;0.0;0.0;0.0;0.0
433;construct;0.0;0.0;0.0;0.0;0.0;0.0;0.0;0.0;0.0;0.0;0.00641025641025641;0.0;0.0;0.0;0.0;0.0
434;founder;0.0;0.0;0.0;0.0;0.0;0.0;0.0;0.0;0.0;0.0;0.00641025641025641;0.0;0.0;0.0;0.0;0.0
435;cellectis;0.0;0.0;0.0;0.0;0.0;0.0;0.0;0.0;0.0;0.0;0.00641025641025641;0.0;0.0;0.0;0.0;0.0
436;neximmune;0.0;0.0;0.0;0.0;0.0;0.0;0.0;0.0;0.0;0.0;0.00641025641025641;0.0;0.0;0.0;0.0;0.0
437;stock;0.0;0.0;0.0;0.0;0.0;0.0;0.0;0.0;0.0;0.0;0.00641025641025641;0.0;0.0;0.0;0.0;0.0
438;ownership;0.0;0.0;0.0;0.0;0.0;0.0;0.0;0.0;0.0;0.0;0.00641025641025641;0.0;0.0;0.0;0.0;0.0
439;scientific;0.0;0.0;0.0;0.0;0.0;0.0;0.0;0.0;0.0;0.0;0.00641025641025641;0.0;0.0;0.0;0.0;0.0
440;torque;0.0;0.0;0.0;0.0;0.0;0.0;0.0;0.0;0.0;0.0;0.00641025641025641;0.0;0.0;0.0;0.0;0.0
441;mana;0.0;0.0;0.0;0.0;0.0;0.0;0.0;0.0;0.0;0.0;0.00641025641025641;0.0;0.0;0.0;0.0;0.0
442;refer;0.0;0.0;0.0;0.0;0.0;0.0;0.0;0.0;0.0;0.0;0.00641025641025641;0.0;0.0;0.0;0.0;0.0
443;pertain;0.0;0.0;0.0;0.0;0.0;0.0;0.0;0.0;0.0;0.0;0.00641025641025641;0.0;0.0;0.0;0.0;0.0
444;317061;0.0;0.0;0.0;0.0;0.0;0.0;0.0;0.0;0.0;0.0;0.00641025641025641;0.0;0.0;0.0;0.0;0.0
445;cadre;0.0;0.0;0.0;0.0;0.0;0.0;0.0;0.0;0.0;0.0;0.00641025641025641;0.0;0.0;0.0;0.0;0.0
446;tutrice;0.0;0.0;0.0;0.0;0.0;0.0;0.0;0.0;0.0;0.0;0.00641025641025641;0.0;0.0;0.0;0.0;0.0
447;nathalie;0.0;0.0;0.0;0.0;0.0;0.0;0.0;0.0;0.0;0.0;0.00641025641025641;0.0;0.0;0.0;0.0;0.0
448;koch;0.0;0.0;0.0;0.0;0.0;0.0;0.0;0.0;0.0;0.0;0.00641025641025641;0.0;0.0;0.0;0.0;0.0
449;sponsor;0.0;0.0;0.0;0.0;0.0;0.0;0.0;0.0;0.0;0.0;0.00641025641025641;0.0;0.0;0.0;0.0;0.0
450;pr;0.0;0.0;0.0;0.0;0.0;0.0;0.0;0.0;0.0;0.0;0.00641025641025641;0.0;0.0;0.0;0.0;0.0
451;pg;0.0;0.0;0.0;0.0;0.0;0.0;0.0;0.0;0.0;0.0;0.00641025641025641;0.0;0.0;0.0;0.0;0.0
452;al;0.0;0.0;0.0;0.0;0.0;0.0;0.0;0.0;0.0;0.0;0.00641025641025641;0.0;0.0;0.0;0.0;0.0
453;recherche;0.0;0.0;0.0;0.0;0.0;0.0;0.0;0.0;0.0;0.0;0.00641025641025641;0.0;0.0;0.0;0.0;0.0
454;cette;0.0;0.0;0.0;0.0;0.0;0.0;0.0;0.0;0.0;0.0;0.00641025641025641;0.0;0.0;0.0;0.0;0.0
455;malaghan;0.0;0.0;0.0;0.0;0.0;0.0;0.0;0.0;0.0;0.0;0.00641025641025641;0.0;0.0;0.0;0.0;0.0
456;accompany;0.0;0.0;0.0;0.0;0.0;0.0;0.0;0.0;0.0;0.0;0.00641025641025641;0.0;0.0;0.0;0.0;0.0
457;charitable;0.0;0.0;0.0;0.0;0.0;0.0;0.0;0.0;0.0;0.0;0.00641025641025641;0.0;0.0;0.0;0.0;0.0
458;le;0.0;0.0;0.0;0.0;0.0;0.0;0.0;0.0;0.0;0.0;0.00641025641025641;0.0;0.0;0.0;0.0;0.0
459;ainsi;0.0;0.0;0.0;0.0;0.0;0.0;0.0;0.0;0.0;0.0;0.00641025641025641;0.0;0.0;0.0;0.0;0.0
460;dans;0.0;0.0;0.0;0.0;0.0;0.0;0.0;0.0;0.0;0.0;0.00641025641025641;0.0;0.0;0.0;0.0;0.0
461;pl;0.0;0.0;0.0;0.0;0.0;0.0;0.0;0.0;0.0;0.0;0.00641025641025641;0.0;0.0;0.0;0.0;0.0
462;interviewee;0.0;0.0;0.0;0.0;0.0;0.0;0.0;0.0;0.0;0.0;0.00641025641025641;0.0;0.0;0.0;0.0;0.0
463;personnes;0.0;0.0;0.0;0.0;0.0;0.0;0.0;0.0;0.0;0.0;0.00641025641025641;0.0;0.0;0.0;0.0;0.0
464;proprietary;0.0;0.0;0.0;0.0;0.0;0.0;0.0;0.0;0.0;0.0;0.00641025641025641;0.0;0.0;0.0;0.0;0.0
465;les;0.0;0.0;0.0;0.0;0.0;0.0;0.0;0.0;0.0;0.0;0.00641025641025641;0.0;0.0;0.0;0.0;0.0
466;property;0.0;0.0;0.0;0.0;0.0;0.0;0.0;0.0;0.0;0.0;0.00641025641025641;0.0;0.0;0.0;0.0;0.0
467;intellectual;0.0;0.0;0.0;0.0;0.0;0.0;0.0;0.0;0.0;0.0;0.00641025641025641;0.0;0.0;0.0;0.0;0.0
468;researcher;0.0;0.0;0.0;0.0;0.0;0.0;0.0;0.0;0.0;0.0;0.00641025641025641;0.0;0.0;0.0;0.0;0.0
469;cancer;0.0;0.0;0.0;0.0;0.0;0.0;0.0;0.0;0.0;0.0;0.00641025641025641;0.0;0.0;0.0;0.0;0.0
470;clinical;0.0;0.0;0.0;0.0;0.0;0.0;0.0;0.0;0.0;0.0;0.00641025641025641;0.0;0.0;0.0;0.0;0.0
471;stv;0.0;0.0;0.0;0.0;0.0;0.0;0.0;0.0;0.0;0.0;0.00641025641025641;0.0;0.0;0.0;0.0;0.0
472;astella;0.0;0.0;0.0;0.0;0.0;0.0;0.0;0.0;0.0;0.0;0.00641025641025641;0.0;0.0;0.0;0.0;0.0
473;non;0.0;0.0;0.0;0.0;0.0;0.0;0.0;0.0;0.0;0.0;0.00641025641025641;0.0;0.0;0.0;0.0;0.0
474;city;0.0;0.0;0.0;0.0;0.0;0.0;0.0;0.0;0.0;0.0;0.00641025641025641;0.0;0.0;0.0;0.0;0.0
475;content;0.0;0.0;0.0;0.0;0.0;0.0;0.0;0.0;0.0;0.0;0.00641025641025641;0.0;0.0;0.0;0.0;0.0
476;participateconflict;0.0;0.0;0.0;0.0;0.0;0.0;0.0;0.0;0.0;0.0;0.00641025641025641;0.0;0.0;0.0;0.0;0.0
477;picture;0.0;0.0;0.0;0.0;0.0;0.0;0.0;0.0;0.0;0.0;0.00641025641025641;0.0;0.0;0.0;0.0;0.0
478;purpose;0.0;0.0;0.0;0.0;0.0;0.0;0.0;0.0;0.0;0.0;0.00641025641025641;0.0;0.0;0.0;0.0;0.0
479;department;0.0;0.0;0.0;0.0;0.0;0.0;0.0;0.0;0.0;0.0;0.00641025641025641;0.0;0.0;0.0;0.0;0.0
480;nous;0.0;0.0;0.0;0.0;0.0;0.0;0.0;0.0;0.0;0.0;0.00641025641025641;0.0;0.0;0.0;0.0;0.0
481;lakaresallskapet;0.0;0.0;0.0;0.0;0.0;0.0;0.0;0.0;0.0;0.0;0.00641025641025641;0.0;0.0;0.0;0.0;0.0
482;finska;0.0;0.0;0.0;0.0;0.0;0.0;0.0;0.0;0.0;0.0;0.00641025641025641;0.0;0.0;0.0;0.0;0.0
483;trial;0.0;0.0;0.0;0.0;0.0;0.0;0.0;0.0;0.0;0.0;0.00641025641025641;0.0;0.0;0.0;0.0;0.0
484;orion;0.0;0.0;0.0;0.0;0.0;0.0;0.0;0.0;0.0;0.0;0.00641025641025641;0.0;0.0;0.0;0.0;0.0
485;1928t2z;0.0;0.0;0.0;0.0;0.0;0.0;0.0;0.0;0.0;0.0;0.00641025641025641;0.0;0.0;0.0;0.0;0.0
486;rw;0.0;0.0;0.0;0.0;0.0;0.0;0.0;0.0;0.0;0.0;0.00641025641025641;0.0;0.0;0.0;0.0;0.0
487;notre;0.0;0.0;0.0;0.0;0.0;0.0;0.0;0.0;0.0;0.0;0.00641025641025641;0.0;0.0;0.0;0.0;0.0
488;remercier;0.0;0.0;0.0;0.0;0.0;0.0;0.0;0.0;0.0;0.0;0.00641025641025641;0.0;0.0;0.0;0.0;0.0
489;tenon;0.0;0.0;0.0;0.0;0.0;0.0;0.0;0.0;0.0;0.0;0.00641025641025641;0.0;0.0;0.0;0.0;0.0
490;bio;0.0;0.0;0.0;0.0;0.0;0.0;0.0;0.0;0.0;0.0;0.00641025641025641;0.0;0.0;0.0;0.0;0.0
